census_tract_id_2010,adi,coi_education,coi_health_env,coi_social_econ,coi,dep_index_fraction_assisted_income,dep_index_fraction_high_school_edu,dep_index_median_income,dep_index_fraction_no_health_ins,dep_index_fraction_poverty,dep_index_fraction_vacant_housing,dep_index,lead_paint,diesel_pm,cancer_risk,resp_hazard_ind,traffic_proximity,major_discharger_water,nat_priority_proximity,risk_management_proximity,disposal_proximity,ozone_conc,pm_conc,low_food_access_flag,low_food_access_pop,low_food_access_pct,food_insecurity_pct,hpsa_mh,hpsa_pc,ice,pct_crowding,mrfei,mua,pct_1or2_risk_factors,pct_3ormore_risk_factors,sdi,svi_socioeconomic,svi_household_comp,svi_minority,svi_housing_transportation,svi,walkability_index,year
39061000200,76,-0.0691,-0.10500000000000001,-0.441,-0.07010000000000001,0.47200000000000003,0.8390000000000001,19400,0.12400000000000001,0.496,0.0955,0.617,0.38,1.33,36.4,0.54,8080,0.129,0.062,4.18,4.64,46.5,9.709999999999999,FALSE,NA,NA,0.128,FALSE,FALSE,-0.595,5,8,FALSE,33.6,46.3,99,0.758,0.7939999999999999,0.803,0.931,0.911,15,2019
39061000700,27,0.00387,-0.0943,0.07,-0.0014,0.0425,0.9570000000000001,64900,0.0388,0.14800000000000002,0.114,0.279,0.71,1.43,35.7,0.55,2820,0.0155,0.063,2.25,10.4,46.5,9.67,FALSE,NA,NA,0.128,FALSE,FALSE,0.203,2.4,5,TRUE,40.9,12,62,0.223,0.050300000000000004,0.17300000000000001,0.901,0.28400000000000003,18,2019
39061000900,25,0.0015,-0.053900000000000003,-0.23500000000000001,-0.033,0.34299999999999997,0.8720000000000001,38400,0.1,0.39,0.348,0.542,0.8500000000000001,1.33,34.5,0.52,1010,0.013200000000000002,0.064,3.8099999999999996,6.31,46.5,9.7,FALSE,NA,NA,0.128,FALSE,FALSE,0.05,1.1,12.1,TRUE,35.5,32.9,97,0.776,0.24000000000000002,0.321,0.8480000000000001,0.6719999999999999,18.8,2019
39061001000,30,-0.0035800000000000003,-0.0479,-0.07710000000000002,-0.0145,0.196,0.92,62400,0.0456,0.21800000000000003,0.309,0.384,0.76,1.37,34.7,0.52,953,0.0303,0.065,2.9699999999999998,6.54,46.6,9.69,FALSE,NA,NA,0.128,FALSE,TRUE,0.193,1.1,9.860000000000001,TRUE,34.5,32.4,89,0.494,0.06470000000000001,0.548,0.809,0.48900000000000005,18.4,2019
39061001100,39,-0.0116,-0.054000000000000006,-0.325,-0.044899999999999995,0.268,0.8610000000000001,54600,0.0478,0.348,0.258,0.463,0.91,1.43,36.3,0.5700000000000001,3280,0.017,0.066,2.18,6,46.6,9.69,FALSE,NA,NA,0.128,FALSE,FALSE,0.004,2.5,8.93,TRUE,30.1,41.9,94,0.717,0.20800000000000002,0.349,0.372,0.461,19.2,2019
39061001600,74,-0.0452,-0.15400000000000003,-0.461,-0.07510000000000001,0.518,0.767,19900,0.10600000000000001,0.466,0.493,0.6859999999999999,0.9400000000000001,1.29,34.9,0.53,749,0.0849,0.066,5.94,5.54,46.6,9.719999999999999,FALSE,NA,NA,0.128,FALSE,FALSE,-0.448,4.1,15.7,TRUE,39,33.5,100,0.971,0.896,0.40800000000000003,0.913,0.9390000000000001,18.4,2019
39061001700,53,-0.0365,-0.0564,-0.43600000000000005,-0.0608,0.43900000000000006,0.89,17600,0.09,0.347,0.42200000000000004,0.5770000000000001,0.9,1.32,34.8,0.52,517,0.0256,0.067,3.5,5.68,46.6,9.709999999999999,FALSE,NA,NA,0.128,FALSE,FALSE,-0.375,0,16.7,TRUE,39.6,39.8,98,0.8490000000000001,0.8240000000000001,0.41100000000000003,0.233,0.654,18.5,2019
39061001800,34,-0.029699999999999997,-0.036199999999999996,0.054200000000000005,-8.02e-4,0.12100000000000001,0.902,57800,0.0621,0.14300000000000002,0.253,0.35,0.91,1.37,34.7,0.54,2400,0.0149,0.068,2.32,5.659999999999999,46.6,9.709999999999999,FALSE,NA,NA,0.128,FALSE,FALSE,0.197,0.9,15.2,TRUE,26.2,20.8,76,0.348,0.10400000000000001,0.23700000000000002,0.6869999999999999,0.312,17,2019
39061001900,50,-0.0669,-0.0337,-0.07840000000000001,-0.0201,0.137,0.88,66500,0.0937,0.18,0.137,0.361,0.69,1.3800000000000001,33.6,0.53,1220,0.0256,0.07300000000000001,1.71,6.22,46.7,9.7,TRUE,1280,89,0.128,FALSE,FALSE,0.024,0.6,3.57,TRUE,38.2,28.4,77,0.492,0.10200000000000001,0.48800000000000004,0.8190000000000001,0.505,15.8,2019
39061002000,28,-0.042300000000000004,-0.00585,0.0397,-6.770000000000001e-4,0.0295,0.928,67400,0.0894,0.10400000000000001,0.126,0.29000000000000004,0.6599999999999999,1.29,33.4,0.52,929,0.0365,0.07500000000000001,1.52,5.96,46.7,9.709999999999999,TRUE,1350,100,0.128,FALSE,FALSE,0.15600000000000003,3.2,5.26,FALSE,45,19,60,0.266,0.0843,0.42000000000000004,0.8440000000000001,0.376,14.6,2019
39061002200,94,-0.051800000000000006,-0.0904,-0.316,-0.0522,0.168,0.928,24100,0.15200000000000002,0.346,0.28500000000000003,0.48900000000000005,0.72,1.27,33.6,0.52,1830,0.0129,0.07200000000000001,2.25,6.64,46.7,9.719999999999999,FALSE,NA,NA,0.128,FALSE,FALSE,-0.33999999999999997,0,5.88,FALSE,34.3,38.6,95,0.8190000000000001,0.463,0.8180000000000001,0.638,0.7879999999999999,14.9,2019
39061002300,48,-0.0371,-0.093,-0.513,-0.0738,0.33099999999999996,0.8460000000000001,27700,0.0833,0.52,0.319,0.586,0.8500000000000001,1.3,33.9,0.53,215,0.037399999999999996,0.06899999999999999,2.8899999999999997,6.31,46.7,9.719999999999999,FALSE,NA,NA,0.128,FALSE,FALSE,-0.28200000000000003,5.8,10.9,TRUE,55,24.8,98,0.897,0.921,0.654,0.932,0.9550000000000001,12.5,2019
39061002500,84,-0.0349,-0.0392,-0.266,-0.039,0.0378,0.8540000000000001,25600,0.0569,0.48700000000000004,0.281,0.47700000000000004,0.55,1.28,33.8,0.52,530,0.07800000000000001,0.07100000000000001,2.9699999999999998,7.2,46.7,9.739999999999998,FALSE,NA,NA,0.128,FALSE,FALSE,-0.048,3.2,12.5,FALSE,39.6,25.4,84,0.767,0.0062,0.115,0.47600000000000003,0.24700000000000003,15.2,2019
39061002600,80,-0.0127,-0.006,-0.125,-0.0166,0.07660000000000002,0.9430000000000001,29800,0.07050000000000001,0.527,0.165,0.459,0.76,1.27,34.2,0.53,403,0.0997,0.06899999999999999,3.53,6.63,46.6,9.75,FALSE,NA,NA,0.128,FALSE,FALSE,-0.15900000000000003,0.6,9.8,FALSE,35.9,11.4,86,0.759,0.0067,0.464,0.704,0.42400000000000004,16.2,2019
39061002700,62,-0.029199999999999997,0.0074800000000000005,-0.187,-0.024300000000000002,0.133,0.925,35900,0.050800000000000005,0.29400000000000004,0.14500000000000002,0.395,0.72,1.26,34.1,0.52,2190,0.14200000000000002,0.06899999999999999,3.3,6.95,46.6,9.76,FALSE,NA,NA,0.128,FALSE,FALSE,0.07,1.1,3.7,FALSE,35.2,15.6,94,0.73,0.025500000000000002,0.29800000000000004,0.20700000000000002,0.24900000000000003,13,2019
39061002800,92,-0.036199999999999996,-0.0975,-0.41200000000000003,-0.0624,0.29300000000000004,0.656,43100,0.0655,0.29800000000000004,0.272,0.539,0.97,1.42,36.5,0.6,7250,0.228,0.07200000000000001,4.67,9.34,46.6,9.81,FALSE,56,4,0.128,FALSE,FALSE,-0.045,14.3,8.7,FALSE,36.9,25.2,97,0.9400000000000001,0.445,0.21700000000000003,0.9420000000000001,0.8250000000000001,13.9,2019
39061002900,88,0.0271,-0.0279,-0.114,-0.013200000000000002,0.0656,0.923,30800,0.0794,0.323,0.128,0.4,0.45,1.23,34.6,0.53,1870,0.112,0.07400000000000001,3.11,9.09,46.7,9.79,FALSE,NA,NA,0.128,FALSE,FALSE,-0.167,2.1,2.94,FALSE,41,29,83,0.8220000000000001,0.0156,0.6869999999999999,0.88,0.636,12.2,2019
39061003000,95,0.00311,-0.0452,-0.17500000000000002,-0.024900000000000002,0.0413,0.9460000000000001,23800,0.025400000000000002,0.5740000000000001,0.15300000000000002,0.449,0.37,1.23,34.1,0.52,572,0.055600000000000004,0.07600000000000001,2.8099999999999996,11.7,46.7,9.77,FALSE,NA,NA,0.128,FALSE,FALSE,-0.23600000000000002,6.6,8.11,FALSE,52.9,18.2,91,0.8540000000000001,0.0023,0.467,0.932,0.5710000000000001,15.2,2019
39061003200,58,-0.017400000000000002,-0.0305,-0.187,-0.027,0.0795,0.908,22100,0.12100000000000001,0.534,0.135,0.497,0.33999999999999997,1.1900000000000002,33.9,0.52,953,0.0108,0.079,2.86,12.8,46.8,9.76,FALSE,NA,NA,0.128,FALSE,TRUE,-0.229,2.7,8.01,FALSE,56.3,16.5,79,0.6869999999999999,0.0068000000000000005,0.651,0.986,0.61,13.3,2019
39061003300,81,-0.0502,-0.019,-0.308,-0.043500000000000004,0.15800000000000003,0.8580000000000001,25400,0.0938,0.532,0.197,0.528,0.5,1.23,34,0.52,706,0.0202,0.07600000000000001,2.4299999999999997,11.6,46.7,9.739999999999998,FALSE,NA,NA,0.128,FALSE,TRUE,-0.229,2.4,4.76,FALSE,55.7,25.7,98,0.9420000000000001,0.029199999999999997,0.522,0.734,0.643,17.9,2019
39061003600,98,-0.0926,-0.11,-0.6629999999999999,-0.09929999999999999,0.63,0.7,12100,0.0504,0.622,0.234,0.738,0.49,1.1900000000000002,34.7,0.53,3500,0.013000000000000001,0.084,1.79,9.53,46.8,9.739999999999998,TRUE,1050,72,0.128,FALSE,FALSE,-0.6809999999999999,2.6,3.03,FALSE,35,51,97,0.908,1,0.48100000000000004,0.909,0.975,15.5,2019
39061003700,72,-0.097,-0.0404,-0.611,-0.0863,0.452,0.744,9960,0.0804,0.502,0.234,0.652,0.7,1.22,34.4,0.54,1030,0.020300000000000002,0.079,1.3800000000000001,7.970000000000001,46.8,9.719999999999999,TRUE,1910,99,0.128,FALSE,FALSE,-0.543,0,4.35,TRUE,32.4,41.5,100,0.979,0.728,0.447,0.715,0.8570000000000001,14.8,2019
39061003800,80,-0.07800000000000001,-0.10800000000000001,-0.362,-0.0623,0.263,0.8430000000000001,20800,0.0378,0.363,0.24700000000000003,0.501,0.8200000000000001,1.1400000000000001,34.4,0.52,4130,0.011,0.092,2.59,8.25,46.8,9.75,TRUE,2390,98,0.128,FALSE,FALSE,-0.455,0.6,0,FALSE,28.9,35.7,98,0.8720000000000001,0.926,0.464,0.804,0.882,13.7,2019
39061003900,88,-0.0979,-0.14300000000000002,-0.448,-0.07830000000000001,0.33699999999999997,0.811,30400,0.17600000000000002,0.31,0.349,0.5740000000000001,0.9400000000000001,1.1600000000000001,34.5,0.52,223,0.0149,0.08700000000000001,1.71,6.78,46.8,9.739999999999998,TRUE,1940,100,0.128,FALSE,FALSE,-0.358,2.6,0,FALSE,53.3,21.4,89,0.935,0.982,0.465,0.41000000000000003,0.8400000000000001,12.7,2019
39061004000,69,-0.035899999999999994,-0.0337,-0.189,-0.029599999999999998,0.134,0.921,46900,0.07060000000000001,0.119,0.109,0.33799999999999997,0.76,1.06,33.4,0.5,2400,0.011899999999999999,0.093,2.06,7.14,46.8,9.739999999999998,TRUE,1880,89,0.128,FALSE,FALSE,-0.091,0,0,FALSE,39.8,33.5,79,0.5700000000000001,0.924,0.548,0.7869999999999999,0.765,15,2019
39061004100,25,-0.0365,-0.07350000000000001,-0.08020000000000001,-0.0212,0.17900000000000002,0.9450000000000001,64300,0.054900000000000004,0.21100000000000002,0.23700000000000002,0.362,0.7799999999999999,1.1600000000000001,33.6,0.51,757,0.019799999999999998,0.085,1.41,5.73,46.8,9.729999999999999,TRUE,1550,100,0.128,FALSE,FALSE,0.091,0.7,0,FALSE,32,36.6,83,0.52,0.266,0.34199999999999997,0.699,0.492,16.2,2019
39061004200,42,-0.0601,-0.0288,0.14800000000000002,0.0076,0.0951,0.9430000000000001,55100,0.07860000000000002,0.12100000000000001,0.10400000000000001,0.314,0.55,1.23,33.2,0.52,1550,0.036,0.08,1.42,5.26,46.7,9.709999999999999,TRUE,1820,100,0.128,FALSE,FALSE,0.17300000000000001,0,0,FALSE,51,22.2,42,0.16,0.059000000000000004,0.42200000000000004,0.274,0.12000000000000001,13.1,2019
39061004500,19,0.09949999999999999,0.038,0.225,0.0413,0.01,0.9580000000000001,94000,0.0161,0,0.0656,0.181,0.33999999999999997,0.726,30.3,0.42000000000000004,298,0.6779999999999999,0.064,1.6,0.24100000000000002,46.4,9.47,TRUE,1060,100,0.128,FALSE,FALSE,0.42600000000000005,2.1,0,FALSE,45.2,13.8,25,0.009399999999999999,0.385,0.0507,0.05380000000000001,0.0164,6.83,2019
39061004602,59,0.0616,-0.006209999999999999,0.131,0.021500000000000002,0.221,0.961,50600,0.05330000000000001,0.0811,0.0794,0.324,0.32,0.561,30,0.41000000000000003,330,0.29400000000000004,0.07800000000000001,0.534,0.4,46.5,9.47,FALSE,408,8,0.128,FALSE,FALSE,0.10700000000000001,3.7,14.3,FALSE,37.2,31.1,43,0.198,0.162,0.346,0.43500000000000005,0.21400000000000002,10.6,2019
39061004603,62,0.033,0.046,0.19,0.030699999999999998,0.07050000000000001,0.923,66200,0.025,0.0349,0.029599999999999998,0.24600000000000002,0.7,0.549,29.9,0.41000000000000003,273,0.24700000000000003,0.07600000000000001,0.309,0.376,46.5,9.43,TRUE,705,24,0.128,FALSE,FALSE,0.185,0,25,FALSE,37.3,20.7,17,0.187,0.197,0.118,0.362,0.14200000000000002,12.2,2019
39061004604,65,0.0309,0.0109,0.0107,0.00583,0.15200000000000002,0.893,50300,0.022799999999999997,0.17900000000000002,0.05310000000000001,0.33999999999999997,0.28,0.559,30,0.41000000000000003,535,0.0409,0.08700000000000001,0.361,0.591,46.6,9.5,FALSE,157,4,0.128,FALSE,FALSE,0.055,0.7,22.2,FALSE,55.5,15.2,59,0.604,0.9,0.17700000000000002,0.309,0.515,8.39,2019
39061004605,50,0.0273,0.024900000000000002,0.191,0.028,0.0833,0.969,63900,0.0448,0.081,0.0954,0.268,0.27,0.599,30.4,0.42000000000000004,223,0.056100000000000004,0.08,0.6679999999999999,0.517,46.6,9.52,FALSE,268,11,0.128,FALSE,FALSE,0.19,0,22.2,FALSE,27.3,23.2,44,0.14200000000000002,0.127,0.17600000000000002,0.166,0.06770000000000001,9.5,2019
39061004701,18,0.0452,0.0381,0.308,0.045,0.0121,0.988,98700,0.021900000000000003,0.046,0.0628,0.183,0.63,0.8600000000000001,32.2,0.47000000000000003,601,0.011399999999999999,0.07800000000000001,1.44,3.32,46.7,9.639999999999999,TRUE,2890,100,0.128,FALSE,FALSE,0.541,1.4,0,FALSE,34.2,13.1,10,0.016300000000000002,0.0212,0.197,0.366,0.026600000000000002,11.8,2019
39061004702,86,-0.0103,-0.0386,-0.0315,-0.00891,0.28600000000000003,0.776,46500,0.08,0.305,0.21400000000000002,0.497,0.89,0.722,32.3,0.46,2320,0.0112,0.079,1.1600000000000001,1.94,46.6,9.59,TRUE,847,97,0.128,FALSE,FALSE,0.14600000000000002,6,4.8,FALSE,35.8,9.28,93,0.775,0.311,0.275,0.42600000000000005,0.525,14,2019
39061004800,13,0.0584,0.0605,0.354,0.05410000000000001,0,0.996,125000,0.004860000000000001,0.0146,0,0.126,0.7899999999999999,0.772,32.1,0.46,352,1.9e-4,0.08600000000000001,1.1400000000000001,5.1,46.8,9.66,TRUE,1780,55,0.128,FALSE,FALSE,0.625,0,16.7,FALSE,35.6,7.99,6,6.000000000000001e-4,0.10400000000000001,0.084,0.0274,0.0013,11.9,2019
39061004900,16,0.0361,0.0439,0.269,0.04,0.043000000000000003,0.991,109000,0.0131,0.0794,0.0412,0.184,0.65,0.9490000000000001,32.6,0.47000000000000003,485,0.0116,0.08600000000000001,1.3900000000000001,5.79,46.8,9.7,TRUE,3320,53,0.128,FALSE,FALSE,0.464,1.1,0,FALSE,38.1,11.2,18,0.0356,0.0477,0.10600000000000001,0.449,0.055600000000000004,11.5,2019
39061005000,22,0.040600000000000004,0.0171,0.24600000000000002,0.034999999999999996,0.0327,0.98,69200,0.0469,0.0584,0.0806,0.23700000000000002,0.75,0.92,32.8,0.48000000000000004,1350,0.00447,0.095,1.74,6.970000000000001,46.8,9.719999999999999,FALSE,269,6,0.128,FALSE,FALSE,0.396,0,13.6,FALSE,40.5,11.9,32,0.018400000000000003,0.0793,0.443,0.395,0.10800000000000001,14.7,2019
39061005100,20,0.0685,0.057600000000000005,0.308,0.0497,0.0159,0.997,99900,0.028900000000000002,0.042100000000000005,0.0358,0.17800000000000002,0.8600000000000001,0.8410000000000001,32.6,0.46,221,1.8e-4,0.094,1.29,7.25,46.8,9.7,FALSE,NA,NA,0.128,FALSE,FALSE,0.515,0,16.7,FALSE,31.9,11.4,7,0.0049,0.0281,0.07300000000000001,0.185,0.0055,13.4,2019
39061005200,33,0.053000000000000005,0.030699999999999998,0.24400000000000002,0.0375,0.0328,0.975,76200,0.022099999999999998,0.054000000000000006,0.0197,0.21300000000000002,0.89,0.924,33.4,0.47000000000000003,1790,6.8e-4,0.10500000000000001,2.24,9.92,46.9,9.75,FALSE,NA,NA,0.128,FALSE,FALSE,0.33199999999999996,0,15.4,FALSE,38.2,8.29,45,0.131,0.0164,0.252,0.441,0.0666,14.4,2019
39061005301,40,0.0743,0.0275,0.22,0.0368,0.11,0.933,71800,0.0196,0.15400000000000003,0.0713,0.28700000000000003,0.49,0.903,34.6,0.48000000000000004,521,4.900000000000001e-4,0.10400000000000001,2.02,11.1,46.9,9.729999999999999,FALSE,NA,NA,0.128,FALSE,FALSE,0.265,1.9,19.2,FALSE,29.2,14.6,56,0.329,0.0318,0.384,0.752,0.29000000000000004,16.8,2019
39061005302,37,0.0412,9.719999999999999e-4,0.167,0.0241,0.0689,0.967,77000,0.049600000000000005,0.10200000000000001,0.09029999999999999,0.258,0.47000000000000003,0.8230000000000001,33.5,0.47000000000000003,354,0.00126,0.10200000000000001,1.28,8.3,46.8,9.7,FALSE,NA,NA,0.128,FALSE,FALSE,0.33799999999999997,0.7,19.2,FALSE,31.6,26.1,44,0.14500000000000002,0.228,0.15000000000000002,0.652,0.227,8.83,2019
39061005400,47,0.031,-0.0165,0.187,0.0235,0.112,0.985,57100,0.10300000000000001,0.10500000000000001,0.129,0.312,0.38,0.904,36.3,0.5,1760,0.004520000000000001,0.116,2.01,14.4,46.9,9.75,FALSE,NA,NA,0.128,FALSE,FALSE,0.082,0,15.8,FALSE,43.7,16.3,39,0.185,0.022799999999999997,0.41900000000000004,0.539,0.14800000000000002,16,2019
39061005500,71,-0.033600000000000005,-0.0372,-0.15900000000000003,-0.0262,0.191,0.893,40700,0.043500000000000004,0.17800000000000002,0.133,0.378,0.61,0.751,32.3,0.45,711,5.200000000000001e-4,0.113,0.739,6.91,46.9,9.69,TRUE,1840,48,0.128,FALSE,FALSE,-0.17700000000000002,1,9.52,FALSE,45.6,27.9,86,0.43000000000000005,0.6849999999999999,0.349,0.75,0.5690000000000001,14.4,2019
39061005600,74,-0.029199999999999997,-0.0021,0.0224,-8.43e-4,0.111,0.9390000000000001,49000,0.0801,0.191,0.08510000000000001,0.345,0.88,0.6829999999999999,31.8,0.44,137,0.0147,0.12000000000000001,0.42800000000000005,3.71,46.9,9.629999999999999,TRUE,3120,57,0.128,FALSE,FALSE,0.043000000000000003,1.2,0,FALSE,38.2,20.1,65,0.462,0.517,0.29000000000000004,0.271,0.35,14.9,2019
39061005701,51,-0.041800000000000004,-0.0204,0.08360000000000001,0.00296,0.14500000000000002,0.937,52500,0.059500000000000004,0.15700000000000003,0.133,0.33999999999999997,0.71,0.734,32.5,0.46,317,3.8e-4,0.17200000000000001,1.6400000000000001,7.6899999999999995,47,9.77,TRUE,693,24,0.128,FALSE,FALSE,0.168,0,0,FALSE,48.8,12.6,63,0.307,0.29800000000000004,0.635,0.361,0.352,16,2019
39061005702,56,-0.00107,-0.0268,0.229,0.023799999999999998,0.07110000000000001,0.88,60900,0.08020000000000001,0.07070000000000001,0.0929,0.305,0.73,0.881,34.1,0.48000000000000004,560,6.900000000000001e-4,0.14800000000000002,2.63,10.1,46.9,9.77,FALSE,NA,NA,0.128,FALSE,FALSE,0.221,0,11.1,FALSE,31.2,23.4,45,0.361,0.15600000000000003,0.716,0.446,0.39,13.1,2019
39061005800,72,-0.042,-0.00848,-0.0192,-0.00779,0.132,0.907,38800,0.061399999999999996,0.162,0.0522,0.351,0.58,0.737,32.2,0.45,438,2.8e-4,0.163,1.01,6.14,47,9.719999999999999,TRUE,3640,71,0.128,FALSE,FALSE,-0.15500000000000003,0.8,0,FALSE,44,29,70,0.47500000000000003,0.8780000000000001,0.644,0.605,0.6719999999999999,12.3,2019
39061005900,52,-0.028,-0.011399999999999999,-0.017300000000000003,-0.00633,0.09179999999999999,0.9590000000000001,48200,0.043300000000000005,0.14600000000000002,0.0164,0.29800000000000004,0.76,0.886,33.2,0.48000000000000004,293,6.500000000000001e-4,0.15800000000000003,3.96,13.5,46.9,9.79,FALSE,NA,NA,0.128,FALSE,FALSE,0.062,0,0,FALSE,52.2,12.4,78,0.49,0.203,0.317,0.135,0.226,11,2019
39061006000,83,-0.0899,-0.041800000000000004,-0.083,-0.0241,0.127,0.886,36600,0.101,0.17,0.15400000000000003,0.389,0.5700000000000001,0.7909999999999999,33.7,0.47000000000000003,1350,0.07470000000000002,0.24700000000000003,2.5,9.12,46.9,9.81,FALSE,NA,NA,0.128,FALSE,FALSE,-0.023,4.4,13.3,TRUE,39.2,23.1,72,0.6719999999999999,0.525,0.619,0.892,0.771,11.4,2019
39061006100,92,-0.118,-0.0792,-0.325,-0.0594,0.311,0.73,34200,0.23,0.258,0.15900000000000003,0.5700000000000001,0.7899999999999999,0.8190000000000001,33,0.48000000000000004,1970,0.23800000000000002,0.165,6.01,13.7,46.9,9.82,FALSE,0,0,0.128,FALSE,FALSE,-0.14,15.9,6.78,FALSE,38.8,37.9,96,0.8640000000000001,0.8630000000000001,0.8420000000000001,0.718,0.907,12.5,2019
39061006300,77,-0.11,-0.0671,-0.0623,-0.026600000000000002,0.115,0.8790000000000001,38400,0.0391,0.164,0.128,0.357,0.6799999999999999,0.8660000000000001,33.9,0.49,946,0.0153,0.14600000000000002,4.359999999999999,12,46.9,9.81,FALSE,NA,NA,0.128,FALSE,FALSE,-0.20600000000000002,0,5.56,FALSE,32.3,31.1,63,0.523,0.921,0.5780000000000001,0.311,0.594,11.7,2019
39061006400,83,-0.0619,-0.0892,-0.42400000000000004,-0.0658,0.28800000000000003,0.8380000000000001,31000,0.021400000000000002,0.226,0.15400000000000003,0.44,0.61,0.8740000000000001,34.1,0.5,2660,0.0376,0.138,5.01,13.2,46.9,9.82,TRUE,1490,46,0.128,FALSE,FALSE,-0.311,0.6,22.2,FALSE,51.6,27.6,94,0.882,0.998,0.491,0.556,0.891,12.7,2019
39061006500,56,-0.00292,-0.0286,-0.222,-0.029199999999999997,0.198,0.8740000000000001,45300,0.0517,0.202,0.133,0.392,0.65,0.9460000000000001,33.4,0.5,470,NA,0.10500000000000001,4.14,11,46.8,9.8,TRUE,2180,37,0.128,FALSE,FALSE,-0.20800000000000002,0,8.33,FALSE,47.4,24.2,76,0.714,0.491,0.583,0.8720000000000001,0.765,12.1,2019
39061006600,76,-0.0217,-0.0363,-0.516,-0.0664,0.5670000000000001,0.7839999999999999,17000,0.0902,0.581,0.24400000000000002,0.693,0.41000000000000003,1.11,34.7,0.53,1460,0.0156,0.094,3.32,9.57,46.8,9.77,FALSE,287,13,0.128,FALSE,FALSE,-0.468,12.1,0,FALSE,31.7,54.3,98,0.963,0.7919999999999999,0.45,0.977,0.9500000000000001,11.6,2019
39061006800,91,2.87e-4,-0.0933,-0.365,-0.0524,0.352,0.805,19800,0.0579,0.39,0.231,0.553,0.56,1.04,33.5,0.5,446,0.033600000000000005,0.094,3.8899999999999997,10.5,46.8,9.8,FALSE,62,2,0.128,FALSE,FALSE,-0.529,4.2,0,FALSE,36.6,48.3,97,0.932,0.916,0.449,0.8650000000000001,0.919,12.3,2019
39061006900,90,0.0105,-0.118,-0.373,-0.05480000000000001,0.41500000000000004,0.747,22800,0.08420000000000001,0.42800000000000005,0.261,0.611,0.64,1.1400000000000001,34,0.52,425,0.0339,0.08700000000000001,3.56,11.4,46.8,9.79,FALSE,NA,NA,0.128,FALSE,FALSE,-0.442,0,10.5,FALSE,55.1,30.8,94,0.918,0.968,0.48600000000000004,0.538,0.8560000000000001,11.9,2019
39061007000,36,0.033800000000000004,-0.019,-0.06620000000000001,-0.00598,0.0925,0.923,42000,0.054200000000000005,0.231,0.112,0.357,0.8300000000000001,1.03,33.7,0.51,1010,0.053200000000000004,0.08600000000000001,4.07,11.4,46.8,9.82,FALSE,NA,NA,0.128,FALSE,FALSE,0.134,1.9,16.7,FALSE,46.7,17.8,76,0.551,0.21700000000000003,0.314,0.5720000000000001,0.43900000000000006,13.4,2019
39061007100,32,0.0335,-0.0162,0.062,0.00924,0.0649,0.962,50200,0.0234,0.17500000000000002,0.101,0.29900000000000004,0.71,1.04,33.9,0.51,1080,0.0655,0.082,3.8499999999999996,11.3,46.8,9.84,FALSE,152,4,0.128,FALSE,FALSE,0.136,0.3,12,FALSE,32,21.1,60,0.23,0.15800000000000003,0.352,0.746,0.33399999999999996,10.4,2019
39061007200,33,0.0202,-0.011,0.116,0.0146,0.0641,0.9450000000000001,49800,0.07370000000000002,0.169,0.0618,0.317,0.7,1.2,34.5,0.54,3120,0.0472,0.07700000000000001,3.86,12.7,46.7,9.82,FALSE,2,0,0.128,FALSE,FALSE,0.006,3.4,5.56,FALSE,38.1,15,70,0.446,0.0407,0.524,0.542,0.326,14.1,2019
39061007300,86,-0.054200000000000005,-0.013900000000000001,-0.14100000000000001,-0.0239,0.19,0.8500000000000001,43300,0.0964,0.169,0.14300000000000002,0.40800000000000003,0.8400000000000001,0.801,32.1,0.47000000000000003,203,0.079,0.10300000000000001,7.56,11.4,46.8,9.84,FALSE,0,0,0.128,FALSE,FALSE,-0.109,1,9.09,FALSE,58.4,20,84,0.74,0.778,0.624,0.6769999999999999,0.777,13.6,2019
39061007400,58,-0.0116,-0.11,0.07620000000000002,-0.00404,0.114,0.909,53400,0.07620000000000002,0.08670000000000001,0.24600000000000002,0.33899999999999997,0.89,0.8580000000000001,32.6,0.47000000000000003,618,0.133,0.085,3.18,6.659999999999999,46.7,9.84,TRUE,626,39,0.128,FALSE,FALSE,0.14700000000000002,1.2,9.09,FALSE,33.3,18.5,80,0.268,0.114,0.228,0.33699999999999997,0.167,15.7,2019
39061007500,59,-0.0425,-0.0025,0.0223,-0.00237,0.111,0.9390000000000001,49800,0.032100000000000004,0.197,0.10800000000000001,0.32999999999999996,0.64,0.748,32.6,0.47000000000000003,433,0.026600000000000002,0.088,2.88,5.7,46.7,9.83,TRUE,1710,91,0.128,FALSE,FALSE,0.14,0,11.1,FALSE,40.1,14.1,64,0.38,0.695,0.462,0.403,0.452,9.83,2019
39061007700,98,-0.07710000000000002,-0.0618,-0.5670000000000001,-0.08120000000000001,0.53,0.735,13100,0.0415,0.603,0.25,0.69,0.53,1.02,32.8,0.49,1890,0.24500000000000002,0.07300000000000001,2.82,4.56,46.6,9.82,FALSE,0,0,0.128,FALSE,FALSE,-0.63,9,7.6899999999999995,TRUE,35.4,52.4,100,0.994,0.8480000000000001,0.8310000000000001,0.8180000000000001,0.969,11.4,2019
39061007800,69,-0.036199999999999996,-0.0371,-0.0272,-0.011099999999999999,0.228,0.885,45000,0.118,0.17200000000000001,0.15000000000000002,0.41600000000000004,0.9500000000000001,0.8630000000000001,32.9,0.48000000000000004,2290,0.07540000000000001,0.081,2.71,5.28,46.7,9.83,TRUE,2540,97,0.128,FALSE,FALSE,0.12400000000000001,0.6,14.3,FALSE,44,18.7,77,0.5660000000000001,0.15400000000000003,0.261,0.37,0.33599999999999997,16.4,2019
39061007900,68,-0.0409,-0.0361,-0.267,-0.0395,0.20400000000000001,0.883,47800,0.063,0.329,0.138,0.43000000000000005,0.8300000000000001,0.701,31.9,0.45,540,1e-5,0.083,2.3499999999999996,4.3,46.7,9.83,TRUE,1370,100,0.128,FALSE,FALSE,-0.07700000000000001,3,11.1,FALSE,22.5,45.8,84,0.624,0.532,0.325,0.46900000000000003,0.524,12.5,2019
39061008000,79,-0.08420000000000001,-0.0564,-0.615,-0.08700000000000001,0.644,0.756,12100,0.0425,0.619,0.09870000000000001,0.703,0.46,0.733,32.3,0.46,80.4,0.0512,0.119,4.92,8.219999999999999,46.8,9.83,TRUE,1740,36,0.128,FALSE,TRUE,-0.642,1.4,0,TRUE,23.9,65.7,97,0.991,0.902,0.609,0.509,0.887,11.5,2019
39061008100,88,-0.0758,-0.021500000000000002,-0.24100000000000002,-0.0388,0.232,0.8550000000000001,33200,0.12000000000000001,0.28800000000000003,0.06870000000000001,0.464,0.48000000000000004,0.69,31.4,0.44,214,2e-5,0.10300000000000001,2.46,4.85,46.8,9.82,TRUE,2300,90,0.128,FALSE,FALSE,-0.32,3.1,0,FALSE,39.4,25.2,86,0.8380000000000001,0.981,0.761,0.6839999999999999,0.916,8.58,2019
39061008201,71,-0.059000000000000004,-0.037399999999999996,-0.0315,-0.0142,0.0907,0.886,47300,0.036399999999999995,0.12100000000000001,0.0799,0.319,0.7899999999999999,0.641,31.5,0.44,413,1e-5,0.1,0.985,2.62,46.7,9.8,TRUE,1540,38,0.128,FALSE,FALSE,-0.187,0.5,0,FALSE,33.6,24,68,0.457,0.8500000000000001,0.404,0.355,0.504,9.89,2019
39061008202,74,-0.06899999999999999,-0.07360000000000001,-0.037,-0.019799999999999998,0.138,0.9400000000000001,42200,0.0655,0.201,0.118,0.361,0.5700000000000001,0.641,31.5,0.43000000000000005,745,3.0000000000000004e-5,0.095,1.12,2.79,46.7,9.79,TRUE,1570,49,0.128,FALSE,FALSE,-0.092,0.7,0,FALSE,46,17.6,82,0.65,0.6739999999999999,0.522,0.764,0.717,13.6,2019
39061008300,76,-0.0615,-0.0388,-0.139,-0.0271,0.21100000000000002,0.905,46600,0.056,0.257,0.129,0.402,0.39,0.604,31.2,0.43000000000000005,706,1e-5,0.08,0.166,2.46,46.6,9.77,TRUE,2140,45,0.128,FALSE,FALSE,-0.29000000000000004,1.2,12.5,FALSE,44.3,27.8,82,0.802,0.732,0.6809999999999999,0.61,0.7889999999999999,11.6,2019
39061008400,73,-0.061,-0.06860000000000001,-0.29500000000000004,-0.0484,0.251,0.8590000000000001,36000,0.05280000000000001,0.21600000000000003,0.119,0.42400000000000004,0.45,0.619,31.4,0.43000000000000005,190,4e-5,0.08700000000000001,1.22,2.68,46.7,9.81,TRUE,2000,100,0.128,FALSE,FALSE,-0.165,0.5,0,FALSE,40.4,34,87,0.713,0.887,0.38,0.724,0.756,5.17,2019
39061008501,76,-0.0479,-0.0929,-0.47000000000000003,-0.07,0.47300000000000003,0.7989999999999999,19100,0.00865,0.466,0.348,0.607,0.37,0.628,31.2,0.43000000000000005,697,4.2e-4,0.08,1.26,2.27,46.6,9.82,TRUE,3550,99,0.128,FALSE,FALSE,-0.44,7.4,0,FALSE,37.3,44.4,99,0.9540000000000001,0.889,0.761,0.911,0.971,7.83,2019
39061008502,80,-0.07880000000000001,-0.0381,-0.6759999999999999,-0.0916,0.7959999999999999,0.701,9230,0.0799,0.747,0.0123,0.808,0.41000000000000003,0.767,32,0.46,1310,0.0971,0.07300000000000001,1.44,2.68,46.6,9.82,FALSE,37,2,0.128,FALSE,FALSE,-0.743,6.3,14.3,TRUE,28,58.3,100,0.998,0.634,0.495,0.6759999999999999,0.8570000000000001,10.3,2019
39061008601,96,-0.0933,-0.0958,-0.64,-0.0952,0.467,0.8190000000000001,16900,0.07470000000000002,0.524,0.226,0.629,0.6699999999999999,0.995,32.9,0.5,142,0.354,0.066,2.4299999999999997,4.26,46.5,9.78,TRUE,570,26,0.128,FALSE,FALSE,-0.514,0.4,0,TRUE,38.2,41.8,99,0.964,0.9460000000000001,0.6809999999999999,0.746,0.9440000000000001,11,2019
39061008800,98,-0.08829999999999999,-0.026500000000000003,-0.52,-0.07320000000000002,0.375,0.8130000000000001,21400,0.128,0.43700000000000006,0.166,0.589,0.51,0.8140000000000001,32.1,0.46,86.7,0.08510000000000001,0.064,1.22,2.11,46.5,9.77,FALSE,NA,NA,0.128,FALSE,FALSE,-0.464,5.7,12.5,FALSE,50.8,31.1,99,0.966,0.9490000000000001,0.7839999999999999,0.932,0.986,9.25,2019
39061009200,95,-0.10500000000000001,-0.125,-0.443,-0.07650000000000001,0.375,0.603,25700,0.21100000000000002,0.48900000000000005,0.232,0.705,0.42000000000000004,0.934,32.9,0.46,133,0.134,0.059000000000000004,2.02,2.4499999999999997,46.4,9.739999999999998,TRUE,1390,35,0.128,FALSE,FALSE,-0.29100000000000004,4.2,2.56,TRUE,27.7,35.6,100,0.99,0.916,0.8610000000000001,0.8190000000000001,0.979,10.4,2019
39061009300,98,-0.10700000000000001,-0.134,-0.372,-0.06939999999999999,0.43000000000000005,0.713,24300,0.227,0.444,0.346,0.696,0.69,1.03,33.8,0.48000000000000004,243,0.1,0.057,2.24,2.12,46.4,9.719999999999999,FALSE,225,8,0.128,FALSE,FALSE,-0.356,3.3,5,TRUE,35.9,34.6,99,0.984,0.47000000000000003,0.739,0.996,0.975,14.6,2019
39061009400,97,-0.12000000000000001,-0.0665,-0.461,-0.07410000000000001,0.447,0.721,25600,0.15500000000000003,0.519,0.28500000000000003,0.6829999999999999,0.8200000000000001,0.804,32.5,0.45,395,0.06870000000000001,0.056,1.71,1.3800000000000001,46.3,9.7,FALSE,NA,NA,0.128,FALSE,FALSE,-0.223,0,0,TRUE,33.8,37,100,0.994,0.92,0.731,0.36,0.883,15.7,2019
39061009500,92,-0.12100000000000001,-0.0407,-0.39,-0.0632,0.357,0.733,30400,0.20800000000000002,0.464,0.21500000000000002,0.645,0.89,0.807,31.8,0.44,322,0.0066,0.055,1.73,1.28,46.3,9.69,FALSE,NA,NA,0.128,FALSE,FALSE,-0.12400000000000001,7,0,TRUE,49,22.3,99,0.967,0.908,0.762,0.8170000000000001,0.96,14.8,2019
39061009600,85,-0.09179999999999999,-0.0934,-0.234,-0.0473,0.306,0.8400000000000001,37200,0.101,0.348,0.275,0.521,0.65,0.936,32.7,0.46,285,0.0127,0.054000000000000006,1.8900000000000001,1.24,46.3,9.69,FALSE,NA,NA,0.128,FALSE,FALSE,-0.016,2.6,4,TRUE,33.2,35.6,89,0.8440000000000001,0.92,0.509,0.9580000000000001,0.932,10.5,2019
39061009700,91,-0.11,-0.0928,-0.328,-0.0603,0.318,0.8210000000000001,27600,0.0815,0.29200000000000004,0.196,0.506,0.72,0.768,31.8,0.44,345,NA,0.053000000000000005,0.9400000000000001,1.04,46.2,9.67,FALSE,NA,NA,0.128,FALSE,FALSE,-0.09,2.7,0,FALSE,45,19.8,98,0.917,0.883,0.539,0.713,0.8760000000000001,13.1,2019
39061009800,98,-0.129,-0.101,-0.447,-0.07700000000000001,0.33499999999999996,0.8390000000000001,31200,0.192,0.42500000000000004,0.17200000000000001,0.582,0.56,0.756,32,0.44,56.7,0.013600000000000001,0.057,1.41,1.36,46.3,9.709999999999999,FALSE,NA,NA,0.128,FALSE,FALSE,-0.259,3.9,0,FALSE,31.2,55.1,98,0.9400000000000001,0.771,0.723,0.931,0.9520000000000001,12,2019
39061009901,80,-0.03,-0.00532,-0.057600000000000005,-0.0106,0.15300000000000002,0.92,49500,0.0674,0.17400000000000002,0.07620000000000002,0.351,0.8,0.7,30.9,0.43000000000000005,236,NA,0.051000000000000004,0.309,1.95,46.2,9.66,FALSE,260,6,0.128,FALSE,FALSE,0.07700000000000001,0,0,FALSE,46.6,19.9,67,0.6639999999999999,0.41400000000000003,0.447,0.28900000000000003,0.48400000000000004,11.1,2019
39061009902,90,-0.07490000000000001,-0.0565,-0.14,-0.030699999999999998,0.346,0.8480000000000001,31100,0.09129999999999999,0.196,0.131,0.47000000000000003,0.8400000000000001,0.734,31.5,0.43000000000000005,199,NA,0.051000000000000004,0.494,0.934,46.2,9.65,FALSE,NA,NA,0.128,FALSE,FALSE,-0.042,1.6,0,FALSE,55.3,17.7,89,0.8370000000000001,0.771,0.199,0.365,0.624,11.6,2019
39061010002,86,-0.06899999999999999,-0.06570000000000001,-0.368,-0.057600000000000005,0.362,0.771,25600,0.10600000000000001,0.361,0.191,0.5660000000000001,0.45,0.773,31.8,0.46,93.4,NA,0.063,0.647,1.6500000000000001,46.5,9.76,FALSE,61,1,0.128,FALSE,FALSE,-0.323,2.2,12.5,FALSE,48.3,29.5,96,0.9590000000000001,0.88,0.41700000000000004,0.746,0.883,9.93,2019
39061010003,84,-0.0332,-0.0218,-0.128,-0.020900000000000002,0.23,0.8140000000000001,31000,0.14500000000000002,0.28900000000000003,0.08610000000000001,0.491,0.5700000000000001,0.7919999999999999,31.7,0.46,118,NA,0.059000000000000004,0.8,1.59,46.4,9.729999999999999,FALSE,NA,NA,0.128,FALSE,FALSE,-0.133,6.1,8.7,FALSE,57.4,23.3,89,0.894,0.811,0.7959999999999999,0.906,0.9460000000000001,8.78,2019
39061010004,66,-0.019799999999999998,-0.00634,-0.24800000000000003,-0.0318,0.118,0.895,26800,0.163,0.226,0.10500000000000001,0.42900000000000005,0.25,0.776,31.5,0.45,48.7,NA,0.056,0.558,1.42,46.3,9.7,FALSE,NA,NA,0.128,FALSE,FALSE,-0.225,0.2,8.7,FALSE,31.6,22.8,92,0.774,0.625,0.8530000000000001,0.775,0.8410000000000001,11.1,2019
39061010005,84,-0.0484,-0.0207,0.0244,-0.00471,0.267,0.904,55200,0.0887,0.254,0.127,0.42100000000000004,0.7899999999999999,0.714,31.3,0.43000000000000005,85.3,NA,0.054000000000000006,0.263,2.17,46.3,9.68,FALSE,NA,NA,0.128,FALSE,FALSE,-0.002,0,8.7,FALSE,38.8,26.6,80,0.805,0.768,0.277,0.0412,0.42900000000000005,11.5,2019
39061010100,81,-0.035399999999999994,-0.0335,-0.21500000000000002,-0.0325,0.23700000000000002,0.885,41400,0.128,0.24900000000000003,0.17400000000000002,0.453,0.49,0.704,30.9,0.44,194,NA,0.061,0.352,1.05,46.4,9.739999999999998,TRUE,3320,72,0.128,FALSE,FALSE,-0.034,0,8.33,FALSE,54.1,15.9,91,0.774,0.33199999999999996,0.7879999999999999,0.688,0.748,12.9,2019
39061010201,79,-0.0196,-0.017,-0.224,-0.03,0.323,0.883,34800,0.0636,0.276,0.12300000000000001,0.461,0.5,0.6629999999999999,30.8,0.43000000000000005,366,NA,0.055,0.17300000000000001,0.889,46.3,9.66,FALSE,NA,NA,0.128,FALSE,FALSE,-0.034999999999999996,0,11.4,FALSE,37.8,17.3,83,0.8370000000000001,0.89,0.698,0.5720000000000001,0.8380000000000001,14.3,2019
39061010202,70,-0.00642,-0.0325,0.0142,-0.0025,0.129,0.9480000000000001,58500,0.0934,0.15300000000000002,0.14500000000000002,0.33999999999999997,0.8200000000000001,0.726,31,0.45,206,NA,0.058,0.352,0.985,46.4,9.709999999999999,FALSE,9,0,0.128,FALSE,FALSE,0.032,0,0,FALSE,35,16.3,58,0.515,0.119,0.42400000000000004,0.316,0.321,10.9,2019
39061010300,93,-0.12000000000000001,-0.10200000000000001,-0.388,-0.06929999999999999,0.32,0.5650000000000001,30600,0.0709,0.328,0.21200000000000002,0.591,0.8,0.9480000000000001,32.3,0.46,704,0.0205,0.049,1.3900000000000001,0.544,46.1,9.639999999999999,TRUE,1360,79,0.128,FALSE,FALSE,-0.055,0,6.67,TRUE,34.3,27.2,95,0.966,0.8710000000000001,0.23600000000000002,0.592,0.807,10,2019
39061010400,86,-0.0451,-0.052500000000000005,-0.17800000000000002,-0.0313,0.0659,0.925,36000,0.06420000000000001,0.182,0.127,0.346,0.55,0.8360000000000001,31.2,0.45,800,0.0242,0.044,0.986,1.1,45.8,9.52,TRUE,866,66,0.128,FALSE,FALSE,0.02,0,0,FALSE,44.9,16.7,74,0.461,0.584,0.06,0.193,0.256,7.5,2019
39061010500,75,0.0018,-0.041800000000000004,-0.23700000000000002,-0.0318,0.256,0.8570000000000001,42600,0.049300000000000004,0.221,0.133,0.42100000000000004,0.6599999999999999,0.6609999999999999,30.8,0.43000000000000005,390,0.020900000000000002,0.048,1.35,0.99,45.8,9.44,TRUE,1450,100,0.128,FALSE,FALSE,0.201,1,0,FALSE,43.3,10.5,83,0.719,0.913,0.115,0.258,0.542,12.4,2019
39061010600,69,0.00361,0.0272,0.0946,0.0143,0.0814,0.882,56100,0.0294,0.135,0.07210000000000001,0.309,0.58,0.635,33.4,0.44,456,24.9,0.05,0.991,0.8150000000000001,45.8,9.42,TRUE,1320,100,0.128,FALSE,FALSE,0.201,0,0,FALSE,34.4,26.4,44,0.55,0.656,0.0271,0.201,0.307,13,2019
39061010700,76,0.0022,0.0152,-0.00389,0.0014,0.12300000000000001,0.9500000000000001,47400,0.09979999999999999,0.12200000000000001,0.0587,0.33099999999999996,0.92,0.6769999999999999,31.5,0.43000000000000005,542,NA,0.052000000000000005,0.181,1.49,46.2,9.67,FALSE,NA,NA,0.128,FALSE,FALSE,0.133,2.9,13.3,FALSE,29.4,13.5,68,0.48600000000000004,0.29800000000000004,0.622,0.28900000000000003,0.40800000000000003,15,2019
39061010800,75,-0.034,-0.00407,0.037,1.1500000000000002e-4,0.0159,0.9390000000000001,57700,0.0824,0.08,0.0618,0.275,0.39,0.8390000000000001,34.6,0.49,2960,0.00266,0.127,1.59,9.77,46.9,9.719999999999999,FALSE,44,5,0.128,FALSE,FALSE,0,0.9,13.3,FALSE,37.1,17.7,52,0.22,0.06470000000000001,0.322,0.189,0.09979999999999999,10.7,2019
39061010900,80,-0.00385,-0.011699999999999999,-0.195,-0.0244,0.15200000000000002,0.8390000000000001,33500,0.21800000000000003,0.28500000000000003,0.07820000000000002,0.48500000000000004,0.54,0.691,31.3,0.44,650,NA,0.054000000000000006,0.17800000000000002,0.8420000000000001,46.2,9.67,FALSE,NA,NA,0.128,FALSE,FALSE,-0.222,2.2,14.3,FALSE,45.9,22,83,0.8620000000000001,0.627,0.8440000000000001,0.458,0.7949999999999999,17.8,2019
39061011000,87,-0.08360000000000001,-0.026900000000000004,-0.388,-0.057300000000000004,0.33299999999999996,0.8620000000000001,29900,0.029599999999999998,0.392,0.10700000000000001,0.494,0.59,0.803,33.8,0.48000000000000004,2400,0.255,0.25,2.71,9.07,46.9,9.8,FALSE,NA,NA,0.128,FALSE,FALSE,-0.379,2.9,0,FALSE,38.6,31,94,0.886,0.994,0.6799999999999999,0.8450000000000001,0.962,12.8,2019
39061011100,65,-0.040600000000000004,0.016900000000000002,0.15300000000000002,0.015099999999999999,0.0912,0.913,54500,0.034999999999999996,0.14300000000000002,0.0625,0.307,0.47000000000000003,0.625,31.3,0.43000000000000005,212,1e-5,0.114,1.49,3.66,46.8,9.81,TRUE,618,18,0.128,FALSE,FALSE,0.062,0,0,FALSE,36,17.2,25,0.42100000000000004,0.457,0.607,0.188,0.364,10.3,2019
39061020401,58,-0.0121,-0.015399999999999999,-0.00105,-0.00309,0.17,0.8670000000000001,62700,0.0859,0.14200000000000002,0.126,0.363,0.48000000000000004,0.531,31.6,0.41000000000000003,418,106,0.061,0.512,0.47200000000000003,45.7,9.33,TRUE,3770,75,0.128,FALSE,FALSE,0.28200000000000003,1.3,14.3,FALSE,53.8,7.109999999999999,57,0.538,0.703,0.0692,0.374,0.403,8.03,2019
39061020403,40,-0.0143,0.018400000000000003,0.262,0.0309,0.0927,0.9460000000000001,92700,0.0589,0.040600000000000004,0.0976,0.24200000000000002,0.32,0.494,28.3,0.38,18.3,1.94,0.07,0.355,0.24700000000000003,45.7,9.29,TRUE,5780,99,0.128,FALSE,FALSE,0.491,0,15.4,FALSE,23.3,9.15,14,0.08839999999999999,0.09899999999999999,0.017300000000000003,0.10500000000000001,0.0181,3.71,2019
39061020404,33,-0.029699999999999997,0.049600000000000005,0.269,0.0333,0.0078000000000000005,0.9390000000000001,96400,0.0177,0.036399999999999995,0.017900000000000003,0.189,0.08,0.47100000000000003,29.2,0.39,35.6,71.2,0.061,0.5690000000000001,0.48800000000000004,45.8,9.4,TRUE,4880,100,0.128,FALSE,FALSE,0.507,0,15.4,FALSE,36.2,12.4,5,0.08760000000000001,0.18,0.169,0.17300000000000001,0.06470000000000001,5.67,2019
39061020501,36,-0.0029,0.0152,0.118,0.015,0.0635,0.9580000000000001,85200,0.0792,0.0728,0.0606,0.251,0.28,0.40800000000000003,28.2,0.38,690,0.07250000000000001,0.13,0.09899999999999999,0.194,46.2,9.42,TRUE,2150,100,0.128,FALSE,FALSE,0.41100000000000003,2.7,0,FALSE,39.5,13.6,20,0.29700000000000004,0.7959999999999999,0.0626,0.17800000000000002,0.227,5.25,2019
39061020502,42,-0.00222,0.0429,0.20600000000000002,0.0284,0.0201,0.961,73500,0.0167,0.050100000000000006,0.026900000000000004,0.21400000000000002,0.35,0.42900000000000005,29.2,0.38,207,0.0124,0.15900000000000003,0.188,0.43700000000000006,46.4,9.51,FALSE,NA,NA,0.128,FALSE,FALSE,0.40900000000000003,1.1,0,FALSE,43.8,13.9,7,0.0905,0.29800000000000004,0.05260000000000001,0.0891,0.0385,5.56,2019
39061020504,42,-0.016300000000000002,0.0191,0.28300000000000003,0.0333,0.0156,0.9440000000000001,91600,0.0714,0.0165,0.05960000000000001,0.21500000000000002,0.12000000000000001,0.451,30.2,0.4,81.7,5.700000000000001e-4,0.117,0.38,1.27,46.5,9.58,TRUE,3700,99,0.128,FALSE,FALSE,0.348,0.6,0,FALSE,42.2,8.83,11,0.08020000000000001,0.406,0.601,0.025900000000000003,0.0849,5.39,2019
39061020505,70,-0.05310000000000001,0.024900000000000002,0.026000000000000002,-2.1e-4,0.111,0.895,62300,0.0985,0.113,0.0729,0.328,0.12000000000000001,0.499,30.4,0.4,877,4.900000000000001e-4,0.1,0.162,0.995,46.6,9.639999999999999,TRUE,2170,46,0.128,FALSE,FALSE,0.023,0.5,3.57,FALSE,47.6,21,44,0.586,0.808,0.534,0.17400000000000002,0.506,8.67,2019
39061020601,39,0.0273,0.0577,0.17900000000000002,0.03,0.0329,0.9530000000000001,80200,0.0363,0.061399999999999996,0.025400000000000002,0.224,0.21000000000000002,0.506,29.2,0.4,487,0.013600000000000001,0.091,0.10600000000000001,0.224,46.3,9.54,TRUE,3980,65,0.128,FALSE,FALSE,0.405,1,12.5,FALSE,28.7,16.3,12,0.171,0.227,0.07610000000000001,0.06470000000000001,0.0409,5.609999999999999,2019
39061020602,63,0.0935,0.0281,0.259,0.043500000000000004,0.031,0.967,72800,0.0207,0.0395,0.10300000000000001,0.224,0.06,0.545,29.8,0.41000000000000003,631,NA,0.079,0.129,0.255,46.2,9.53,TRUE,1520,21,0.128,FALSE,FALSE,0.28,0.5,23.1,FALSE,46.9,8.51,12,0.17300000000000001,0.362,0.07610000000000001,0.0605,0.054200000000000005,8.709999999999999,2019
39061020701,61,-0.005840000000000001,0.034999999999999996,0.0941,0.014,0.050100000000000006,0.924,62400,0.022799999999999997,0.07,0.0337,0.254,0.3,0.516,30.1,0.4,646,1e-5,0.098,0.115,1.02,46.5,9.639999999999999,TRUE,1310,19,0.128,FALSE,FALSE,0.24300000000000002,0.4,7.5,FALSE,28.6,13,46,0.356,0.709,0.221,0.521,0.41900000000000004,11.5,2019
39061020705,72,-0.0448,0.018900000000000004,-0.0152,-0.00472,0.10800000000000001,0.9460000000000001,68100,0.054900000000000004,0.08470000000000001,0.0899,0.28200000000000003,0.44,0.5750000000000001,31.1,0.42000000000000004,952,NA,0.083,0.12400000000000001,1.9,46.6,9.7,FALSE,NA,NA,0.128,FALSE,FALSE,0.14500000000000002,0.8,10,FALSE,47.3,6.75,64,0.33999999999999997,0.386,0.385,0.5630000000000001,0.397,10.7,2019
39061020707,38,-6.79e-4,0.029099999999999997,0.29500000000000004,0.0375,0.026400000000000003,0.9440000000000001,93800,0.040600000000000004,0.0517,0.0371,0.21100000000000002,0.16,0.525,30.3,0.41000000000000003,100,0,0.091,0.10200000000000001,0.644,46.4,9.639999999999999,TRUE,3440,66,0.128,FALSE,FALSE,0.512,0,0,FALSE,38.2,11,9,0.07720000000000002,0.17900000000000002,0.024900000000000002,0.12000000000000001,0.0294,6.109999999999999,2019
39061020741,86,-0.0229,0.0279,-0.07860000000000002,-0.008749999999999999,0.14,0.926,46400,0.05160000000000001,0.165,0.05310000000000001,0.33699999999999997,0.16,0.52,30.2,0.4,315,NA,0.096,0.126,1,46.6,9.66,FALSE,NA,NA,0.128,FALSE,FALSE,0.028,0.9,4.35,FALSE,38.1,22,72,0.464,0.881,0.47500000000000003,0.23900000000000002,0.48900000000000005,11.9,2019
39061020742,83,-0.0387,9.89e-4,-0.043800000000000006,-0.00929,0.15700000000000003,0.903,50300,0.0661,0.12000000000000001,0.051000000000000004,0.33699999999999997,0.28,0.523,30.1,0.4,59.5,NA,0.091,0.129,1.07,46.6,9.68,TRUE,1380,33,0.128,FALSE,FALSE,0.043000000000000003,1.7,0,FALSE,57.7,21.8,68,0.56,0.649,0.626,0.25,0.514,7.17,2019
39061020761,62,-0.0020700000000000002,0.015,0.081,0.0108,0.12100000000000001,0.801,64400,0.0564,0.0472,0.0607,0.32,0.44,0.5660000000000001,30.8,0.42000000000000004,345,NA,0.07700000000000001,0.127,1.81,46.6,9.709999999999999,FALSE,NA,NA,0.128,FALSE,FALSE,0.084,2.7,16.7,FALSE,37.7,18.1,63,0.498,0.5640000000000001,0.704,0.5700000000000001,0.604,10.4,2019
39061020762,82,-0.0324,0.009609999999999999,-0.053000000000000005,-0.00874,0.17600000000000002,0.8760000000000001,45900,0.0959,0.187,0.07510000000000001,0.39,0.6799999999999999,0.61,30.9,0.43000000000000005,374,0,0.081,0.14,2.12,46.6,9.739999999999998,FALSE,NA,NA,0.128,FALSE,FALSE,0.012,0,21.4,FALSE,32.6,29.6,81,0.605,0.462,0.605,0.127,0.42000000000000004,11.8,2019
39061020802,51,0.0103,0.043300000000000005,0.223,0.0317,0.0559,0.931,75100,0.026500000000000003,0.0623,0.07720000000000002,0.24500000000000002,0.4,0.582,30.5,0.42000000000000004,292,NA,0.065,0.163,0.805,46.4,9.69,TRUE,3510,70,0.128,FALSE,FALSE,0.29400000000000004,0,19,FALSE,36.3,11.9,17,0.304,0.33699999999999997,0.201,0.15000000000000002,0.161,9.44,2019
39061020811,69,-0.00119,0.021,0.12200000000000001,0.016300000000000002,0.06989999999999999,0.96,64700,0.07070000000000001,0.111,0.0398,0.278,0.44,0.5760000000000001,30.6,0.42000000000000004,344,NA,0.07300000000000001,0.166,1.31,46.6,9.75,TRUE,1740,28,0.128,FALSE,FALSE,0.119,2,8.33,FALSE,45.9,16.1,39,0.40700000000000003,0.633,0.639,0.7869999999999999,0.635,10.4,2019
39061020812,46,0.024300000000000002,0.026900000000000004,0.161,0.024300000000000002,0.0605,0.9450000000000001,75600,0.0286,0.053700000000000005,0.016,0.232,0.15000000000000002,0.547,30.2,0.41000000000000003,921,NA,0.07500000000000001,0.125,0.8430000000000001,46.4,9.65,TRUE,1550,36,0.128,FALSE,FALSE,0.354,0,11.1,FALSE,37.7,15.1,19,0.127,0.697,0.07070000000000001,0.587,0.276,11.3,2019
39061020901,79,-0.0267,0.0115,0.0187,4.38e-4,0.135,0.91,49400,0.07730000000000001,0.15200000000000002,0.052300000000000006,0.344,0.8300000000000001,0.629,30.5,0.43000000000000005,238,NA,0.059000000000000004,0.15100000000000002,2.3899999999999997,46.3,9.65,FALSE,NA,NA,0.128,FALSE,FALSE,0.085,0,9.68,FALSE,39.5,25.3,58,0.595,0.611,0.259,0.346,0.461,15.9,2019
39061020902,77,-0.026500000000000003,-0.036699999999999997,-0.06720000000000001,-0.0147,0.23,0.906,47800,0.07850000000000001,0.21700000000000003,0.133,0.403,0.8300000000000001,0.635,30.6,0.43000000000000005,202,NA,0.059000000000000004,0.17200000000000001,1.36,46.4,9.69,TRUE,1740,32,0.128,FALSE,FALSE,0.201,0.4,13,FALSE,41.5,16.2,84,0.716,0.508,0.254,0.40800000000000003,0.527,15.3,2019
39061021001,76,0.07220000000000001,0.0319,-0.011399999999999999,0.0101,0.0929,0.914,55300,0.0554,0.1,0.0437,0.3,0.5,0.583,30.6,0.42000000000000004,471,NA,0.063,0.14,1.35,46.2,9.62,FALSE,NA,NA,0.128,FALSE,FALSE,0.161,1.1,20,FALSE,34.6,28,43,0.48000000000000004,0.8340000000000001,0.185,0.498,0.498,11.9,2019
39061021002,55,0.09079999999999999,0.0205,0.186,0.034,0.0182,0.9560000000000001,71600,0.025400000000000002,0.08420000000000001,0.053000000000000005,0.233,0.65,0.582,30,0.42000000000000004,161,NA,0.06,0.16,0.458,46.2,9.59,FALSE,98,3,0.128,FALSE,FALSE,0.29400000000000004,0,16.7,FALSE,36.9,11.6,19,0.199,0.763,0.11,0.0149,0.0738,5.83,2019
39061021003,68,0.0921,0.0241,0.1,0.0244,0.0763,0.9510000000000001,64600,0.0313,0.08360000000000001,0.00259,0.254,0.76,0.624,30.2,0.42000000000000004,288,NA,0.058,0.15100000000000002,0.802,46.2,9.62,FALSE,NA,NA,0.128,FALSE,FALSE,0.20400000000000001,0.4,5.56,FALSE,44.6,11.7,38,0.396,0.634,0.14200000000000002,0.0589,0.17600000000000002,8.61,2019
39061021101,34,0.111,0.0407,0.275,0.0487,0.0168,0.966,96300,0.0339,0.054900000000000004,0.0368,0.197,0.28,0.517,28.7,0.4,34.5,NA,0.068,0.182,0.28500000000000003,46.1,9.52,TRUE,1730,34,0.128,FALSE,FALSE,0.446,0.6,25,FALSE,41.2,9.19,7,0.081,0.321,0.17900000000000002,0.0805,0.0529,6.22,2019
39061021102,38,0.10300000000000001,0.0479,0.261,0.0468,0.0429,0.964,87900,0.0177,0.00844,0.0108,0.191,0.22,0.526,29.6,0.41000000000000003,43.8,NA,0.056,0.43200000000000005,0.386,46,9.5,TRUE,4530,71,0.128,FALSE,FALSE,0.462,2,25,FALSE,26.3,8.67,3,0.0495,0.35,0.114,0.0575,0.0318,5.38,2019
39061021201,32,0.0961,0.0396,0.356,0.0564,0.0038,0.991,108000,0.013300000000000001,0.009859999999999999,0.0247,0.15100000000000002,0.23,0.601,30.2,0.41000000000000003,24.8,NA,0.053000000000000005,0.21700000000000003,0.51,46.1,9.58,TRUE,1710,82,0.128,FALSE,FALSE,0.515,0.5,33.3,FALSE,44.4,10.1,2,0.0212,0.306,0.0098,0.0067,0.0017000000000000001,4.67,2019
39061021202,58,0.0303,0.0175,0.161,0.024,0.0482,0.936,70900,0.0316,0.0661,0.095,0.251,0.55,0.648,30.9,0.43000000000000005,87.3,NA,0.051000000000000004,0.17700000000000002,0.748,46.2,9.62,TRUE,840,16,0.128,FALSE,FALSE,0.23800000000000002,0,19.2,FALSE,38.8,14,10,0.196,0.24400000000000002,0.07670000000000002,0.132,0.0753,10.9,2019
39061021302,37,0.08220000000000001,0.029199999999999997,0.311,0.0485,0.016900000000000002,0.9430000000000001,97900,0.035399999999999994,0.0246,0.0212,0.192,0.12000000000000001,0.616,30.4,0.42000000000000004,13.8,0.00669,0.047,0.511,0.69,45.9,9.51,TRUE,5840,100,0.128,FALSE,FALSE,0.48500000000000004,0,0,FALSE,42.7,16.9,11,0.15900000000000003,0.388,0.14900000000000002,0.383,0.187,6.04,2019
39061021303,51,0.0049099999999999994,0.0415,0.27,0.0365,0.038,0.9400000000000001,83400,0.0237,0.025,0.0129,0.20900000000000002,0.28,0.6619999999999999,30.8,0.42000000000000004,57.7,NA,0.047,0.199,0.744,46,9.6,TRUE,3710,77,0.128,FALSE,FALSE,0.372,1.4,0,FALSE,40.8,13.8,14,0.15600000000000003,0.497,0.15400000000000003,0.14100000000000001,0.12200000000000001,8.89,2019
39061021304,56,0.0115,0.0437,0.133,0.021400000000000002,0.12000000000000001,0.918,77600,0.0489,0.0915,0.034800000000000005,0.277,0.27,0.756,30.6,0.43000000000000005,145,0.00771,0.044,0.33599999999999997,0.919,45.9,9.55,TRUE,1170,23,0.128,FALSE,FALSE,0.28500000000000003,3.1,11.1,FALSE,44.3,20.6,41,0.41900000000000004,0.47500000000000003,0.0317,0.6819999999999999,0.385,11,2019
39061021401,78,-0.0278,-0.0201,-0.119,-0.019,0.169,0.8500000000000001,41100,0.0869,0.17400000000000002,0.0869,0.395,0.43000000000000005,0.723,31,0.43000000000000005,69.4,NA,0.048,0.43900000000000006,0.629,46.1,9.62,FALSE,328,6,0.128,FALSE,FALSE,0.15900000000000003,0,13.6,FALSE,40.2,13.7,71,0.776,0.649,0.22,0.28300000000000003,0.533,12.2,2019
39061021421,56,-0.0124,0.0414,0.21000000000000002,0.0275,0.0429,0.9460000000000001,87800,0.0504,0.0223,0.020300000000000002,0.21400000000000002,0.31,0.764,31.1,0.44,162,0.0077800000000000005,0.045,0.535,0.812,46,9.59,FALSE,2,0,0.128,FALSE,FALSE,0.41700000000000004,0,17.6,FALSE,34.8,11.3,6,0.14900000000000002,0.193,0.14700000000000002,0.0075,0.011899999999999999,11.7,2019
39061021422,64,-0.0582,0.0113,0.0675,0.00262,0.10700000000000001,0.91,69200,0.18,0.126,0.0632,0.35,0.2,0.774,31.1,0.44,68.7,0.009759999999999998,0.047,0.7919999999999999,0.47600000000000003,46.1,9.629999999999999,TRUE,611,20,0.128,FALSE,FALSE,0.187,7.2,11.1,FALSE,41.9,21.7,49,0.47400000000000003,0.714,0.549,0.346,0.505,9.92,2019
39061021501,57,-0.0074400000000000004,0.01,0.096,0.011399999999999999,0.0582,0.925,62400,0.066,0.0384,0.0389,0.264,0.16,0.625,31.7,0.43000000000000005,1660,0.112,0.12400000000000001,3.22,5.930000000000001,46.8,9.729999999999999,TRUE,521,11,0.128,FALSE,FALSE,0.064,0,3.4499999999999997,FALSE,40.7,15.7,47,0.221,0.53,0.64,0.6829999999999999,0.48400000000000004,9.370000000000001,2019
39061021504,70,-0.044399999999999995,0.00103,0.0601,0.0022,0.115,0.882,55900,0.133,0.221,0.062,0.384,0.35,0.61,31,0.42000000000000004,22.2,0.0115,0.14600000000000002,1.42,3.62,46.8,9.75,TRUE,553,9,0.128,FALSE,FALSE,-0.038,1.5,7.6899999999999995,FALSE,38.8,23.3,55,0.506,0.649,0.8410000000000001,0.314,0.5790000000000001,9.370000000000001,2019
39061021505,71,-0.042,-0.00218,-0.10600000000000001,-0.017300000000000003,0.09620000000000001,0.8540000000000001,61200,0.07200000000000001,0.114,0.14300000000000002,0.33599999999999997,0.19,0.618,30.9,0.42000000000000004,87.3,0.023799999999999998,0.119,1.23,2.55,46.8,9.739999999999998,FALSE,NA,NA,0.128,FALSE,FALSE,-0.07700000000000001,3.7,13.3,FALSE,51.2,16.4,65,0.6699999999999999,0.994,0.8470000000000001,0.24600000000000002,0.772,10.4,2019
39061021506,70,-0.05310000000000001,-0.0049,-0.018500000000000003,-0.00855,0.0984,0.8460000000000001,62200,0.0634,0.084,0.07060000000000001,0.317,0.18,0.6,31.2,0.42000000000000004,1140,0.07670000000000002,0.11,2.29,3.56,46.8,9.709999999999999,FALSE,NA,NA,0.128,FALSE,FALSE,-0.056,2.8,7.41,FALSE,41.8,22.4,58,0.647,0.972,0.8480000000000001,0.76,0.8770000000000001,11.2,2019
39061021508,61,-0.011699999999999999,0.0147,0.14800000000000002,0.0175,0.0555,0.935,62100,0.0212,0.065,0.12400000000000001,0.262,0.12000000000000001,0.496,30.3,0.4,374,NA,0.091,0.234,1.74,46.6,9.65,TRUE,5850,98,0.128,FALSE,FALSE,0.168,0.5,7.6899999999999995,FALSE,31.1,29.5,9,0.327,0.316,0.43700000000000006,0.191,0.24500000000000002,6.94,2019
39061021509,76,-0.0829,0.0201,-0.10200000000000001,-0.018900000000000004,0.17400000000000002,0.897,51000,0.05450000000000001,0.2,0.057600000000000005,0.363,0.2,0.522,30,0.4,481,NA,0.093,0.161,0.975,46.7,9.7,TRUE,6620,100,0.128,FALSE,FALSE,-0.08,0.2,0,FALSE,23.6,55.9,84,0.587,0.985,0.33399999999999996,0.692,0.736,8.61,2019
39061021571,59,-0.015799999999999998,0.013500000000000002,0.0753,0.00847,0.114,0.9570000000000001,74800,0.012,0.12300000000000001,0.0815,0.267,0.03,0.517,30.2,0.4,1120,NA,0.088,0.41100000000000003,1.96,46.7,9.67,TRUE,2070,61,0.128,FALSE,FALSE,0.07200000000000001,3.5,7.6899999999999995,FALSE,37.3,16.3,51,0.33299999999999996,0.543,0.61,0.555,0.48800000000000004,6.33,2019
39061021572,72,-0.0311,0.018300000000000004,-0.0645,-0.00903,0.12300000000000001,0.915,51400,0.058300000000000005,0.183,0.0458,0.33799999999999997,0.04,0.537,30.4,0.41000000000000003,422,NA,0.096,0.222,1.02,46.7,9.7,TRUE,1610,28,0.128,FALSE,FALSE,-0.181,2.7,6.06,FALSE,42.7,28.3,76,0.48400000000000004,0.763,0.8710000000000001,0.28,0.592,8.9,2019
39061021602,84,-0.10300000000000001,-0.017,-0.24000000000000002,-0.0412,0.253,0.884,45500,0.0608,0.189,0.113,0.401,0.27,0.547,30.3,0.41000000000000003,136,NA,0.116,0.17200000000000001,1.46,46.8,9.76,TRUE,1960,62,0.128,FALSE,FALSE,-0.118,0,0,FALSE,60.9,23,86,0.768,0.989,0.717,0.232,0.766,9.5,2019
39061021603,68,-0.10200000000000001,0.0123,0.011399999999999999,-0.0087,0.17400000000000002,0.918,57300,0.07740000000000001,0.203,0.0733,0.362,0.32,0.534,30.3,0.41000000000000003,102,0,0.092,0.128,1.1500000000000001,46.7,9.709999999999999,TRUE,3920,100,0.128,FALSE,FALSE,-0.04,0.4,0,FALSE,45.1,12.9,54,0.544,0.8680000000000001,0.542,0.057600000000000005,0.41400000000000003,5.78,2019
39061021604,85,-0.07440000000000001,0.022,-0.192,-0.028300000000000002,0.138,0.9380000000000001,43600,0.10200000000000001,0.279,0.0251,0.385,0.55,0.583,30.6,0.42000000000000004,441,NA,0.088,0.127,1.49,46.7,9.729999999999999,TRUE,1710,47,0.128,FALSE,FALSE,-0.17400000000000002,0,0,FALSE,47.6,36.9,65,0.774,0.982,0.39,0.20600000000000002,0.6729999999999999,9.25,2019
39061021701,84,-0.0907,-0.0137,0.02,-0.00917,0.15700000000000003,0.9,39500,0.0355,0.117,0.128,0.346,0.63,0.5790000000000001,30.7,0.42000000000000004,821,NA,0.09899999999999999,0.14200000000000002,2.53,46.7,9.75,TRUE,687,24,0.128,FALSE,FALSE,0.028999999999999998,2.5,14.3,FALSE,41.5,21.4,69,0.5770000000000001,0.924,0.302,0.965,0.802,12.6,2019
39061021702,90,-0.10400000000000001,-0.0484,-0.16,-0.0353,0.265,0.903,36800,0.0641,0.14900000000000002,0.14200000000000002,0.401,0.58,0.582,30.7,0.42000000000000004,491,NA,0.111,0.163,2.55,46.7,9.76,TRUE,1260,30,0.128,FALSE,FALSE,-0.15500000000000003,2.9,11.1,FALSE,32.3,38.9,90,0.728,0.889,0.655,0.979,0.924,13.1,2019
39061021801,84,-0.0594,0.0137,-0.139,-0.021300000000000003,0.187,0.887,43400,0.0718,0.138,0.0601,0.366,0.63,0.622,31.3,0.43000000000000005,1150,1e-5,0.10200000000000001,0.21400000000000002,2.02,46.7,9.78,FALSE,NA,NA,0.128,FALSE,FALSE,-0.15600000000000003,0.8,6.67,FALSE,45.6,24.9,78,0.713,0.737,0.362,0.705,0.705,13.9,2019
39061021802,87,-0.06860000000000001,-0.0145,-0.135,-0.0248,0.15300000000000002,0.8720000000000001,44400,0.15500000000000003,0.187,0.126,0.41600000000000004,0.8,0.627,31,0.43000000000000005,328,1e-5,0.093,0.18,1.85,46.7,9.77,FALSE,NA,NA,0.128,FALSE,FALSE,-0.15800000000000003,3.6,0,FALSE,47.8,29.8,66,0.72,0.6679999999999999,0.354,0.47400000000000003,0.615,11.1,2019
39061021900,87,-0.065,-0.0495,-0.22,-0.0381,0.319,0.882,33100,0.0956,0.274,0.125,0.47300000000000003,0.63,0.631,31.1,0.43000000000000005,232,1e-5,0.088,0.17600000000000002,1.97,46.7,9.77,FALSE,52,4,0.128,FALSE,FALSE,-0.138,3.2,NA,FALSE,47.5,29.2,94,0.8660000000000001,0.9390000000000001,0.695,0.7989999999999999,0.922,12.8,2019
39061022000,66,-0.049300000000000004,5.49e-4,0.164,0.0137,0.07600000000000001,0.9540000000000001,63900,0.0304,0.0955,0.08570000000000001,0.267,0.73,0.5700000000000001,30.6,0.41000000000000003,83.6,0,0.127,0.21000000000000002,1.42,46.8,9.739999999999998,TRUE,3210,83,0.128,FALSE,FALSE,0.164,1.8,0,FALSE,30,22.7,40,0.29200000000000004,0.606,0.32999999999999996,0.392,0.346,12,2019
39061022101,56,-0.057,0.022699999999999998,0.162,0.015,0.07250000000000001,0.9480000000000001,78200,0.0603,0.118,0.0558,0.269,0.52,0.55,30.3,0.41000000000000003,75.3,0,0.15000000000000002,0.41900000000000004,1.93,46.8,9.77,TRUE,2900,69,0.128,FALSE,FALSE,0.254,1.7,0,FALSE,41.7,15.3,21,0.256,0.6689999999999999,0.326,0.0858,0.197,8.75,2019
39061022102,63,-0.0152,0.025500000000000002,0.0874,0.0112,0.095,0.9380000000000001,68000,0.0534,0.06420000000000001,0.07,0.272,0.64,0.604,31.6,0.43000000000000005,675,1e-5,0.14,0.731,3.71,46.8,9.79,FALSE,61,1,0.128,FALSE,FALSE,0.127,0.4,4.76,FALSE,37.5,24.1,37,0.24500000000000002,0.527,0.6819999999999999,0.34099999999999997,0.383,12.3,2019
39061022200,69,-0.0273,0.006840000000000001,0.21500000000000002,0.022799999999999997,0.07700000000000001,0.931,58500,0.07170000000000001,0.12000000000000001,0.053000000000000005,0.3,0.55,0.6829999999999999,31.9,0.44,817,0.0328,0.15100000000000002,2.51,6.8,46.8,9.82,TRUE,1430,32,0.128,FALSE,FALSE,0.089,1.7,11.1,FALSE,38.3,24,15,0.328,0.41200000000000003,0.24100000000000002,0.624,0.378,8.219999999999999,2019
39061022301,78,-0.03,-0.0202,-0.0361,-0.00967,0.17900000000000002,0.8610000000000001,47700,0.126,0.233,0.0451,0.41600000000000004,0.42000000000000004,0.6739999999999999,32.8,0.44,1250,0.017,0.15900000000000003,5.3,8.07,46.9,9.739999999999998,FALSE,174,3,0.128,FALSE,FALSE,-0.085,11.6,5.659999999999999,FALSE,53.8,28,89,0.7939999999999999,0.963,0.77,0.916,0.9480000000000001,13,2019
39061022302,44,0.0087,0.0319,0.131,0.0197,0.0497,0.895,81400,0.07510000000000001,0.112,0,0.272,0.2,0.623,31.3,0.42000000000000004,1310,0.10300000000000001,0.14800000000000002,0.42800000000000005,4.1899999999999995,47,9.6,TRUE,2650,48,0.128,FALSE,FALSE,0.37,3.7,5.56,FALSE,40.4,12.6,29,0.322,0.226,0.551,0.612,0.406,8.33,2019
39061022400,27,0.0106,0.029199999999999997,0.277,0.0365,0.044899999999999995,0.982,101000,0.0417,0.08310000000000001,0.0997,0.21500000000000002,0.6,0.698,32,0.44,288,1.2e-4,0.221,3.44,7.74,46.9,9.75,FALSE,336,16,0.128,FALSE,FALSE,0.41000000000000003,0.5,16,FALSE,37.7,15.6,5,0.060899999999999996,0.186,0.274,0.351,0.12300000000000001,12.8,2019
39061022500,72,-0.0161,0.022099999999999998,0.0992,0.0121,0.10400000000000001,0.918,60100,0.0366,0.0938,0.109,0.29500000000000004,0.42000000000000004,0.697,31.7,0.44,246,0,0.28500000000000003,2.61,8.17,46.9,9.76,FALSE,294,7,0.128,FALSE,FALSE,-0.032,1.3,15.4,TRUE,36.6,18.4,54,0.28600000000000003,0.29000000000000004,0.506,0.5720000000000001,0.381,11.2,2019
39061022601,19,0.111,0.0471,0.33599999999999997,0.0564,0.05960000000000001,0.99,136000,9.42e-4,0.00959,0,0.131,0.62,0.706,31.6,0.44,138,0.0037,0.24900000000000003,1.9,5.87,46.9,9.79,TRUE,3330,56,0.128,FALSE,FALSE,0.606,1.1,9.52,FALSE,42,8.8,1,0.0066,0.358,0.29600000000000004,0.0303,0.0239,7.2,2019
39061022602,33,0.12400000000000001,0.049100000000000005,0.21700000000000003,0.0443,0.07760000000000002,0.98,87100,0.018900000000000004,0.0339,0.0395,0.20800000000000002,0.8400000000000001,0.769,32.9,0.46,406,0,0.348,3.15,7.98,46.9,9.79,FALSE,NA,NA,0.128,FALSE,FALSE,0.327,0,6.67,FALSE,38,15.9,26,0.0236,0.383,0.231,0.0465,0.034600000000000006,15.3,2019
39061022700,94,-0.0247,-0.07820000000000002,-0.41500000000000004,-0.059500000000000004,0.379,0.8670000000000001,23900,0.053000000000000005,0.48400000000000004,0.14600000000000002,0.552,0.43000000000000005,0.736,32.2,0.44,1040,0.0059499999999999996,0.533,3.64,9.89,46.9,9.77,FALSE,NA,NA,0.128,FALSE,TRUE,-0.444,4.6,0,TRUE,27.6,49,91,0.9380000000000001,0.991,0.648,0.4,0.886,15.4,2019
39061023001,64,-0.0062699999999999995,-0.0034300000000000003,0.164,0.0181,0.0624,0.911,54800,0.050300000000000004,0.117,0.0644,0.29800000000000004,0.14,0.653,33.7,0.44,2110,0.543,0.199,3.25,7.72,47,9.719999999999999,FALSE,399,9,0.128,FALSE,FALSE,0.14500000000000002,3.6,7.89,FALSE,44.7,17.9,76,0.311,0.271,0.47800000000000004,0.962,0.5680000000000001,11.4,2019
39061023002,59,-0.0052499999999999995,0.0197,0.21000000000000002,0.026000000000000002,0.0306,0.9380000000000001,63600,0.0643,0.0952,0.0378,0.267,0.35,0.64,32.1,0.43000000000000005,77.1,0.264,0.21600000000000003,1.6300000000000001,7.71,47,9.709999999999999,TRUE,4950,97,0.128,FALSE,FALSE,0.23500000000000001,0.4,0,FALSE,33.4,15.9,33,0.22,0.384,0.254,0.323,0.22,5.79,2019
39061023100,30,0.0278,0.028900000000000002,0.34299999999999997,0.0462,0.013500000000000002,0.965,122000,0.018500000000000003,0.0236,0.039,0.15600000000000003,0.28,0.636,31.6,0.42000000000000004,113,0.07400000000000001,0.43000000000000005,2.12,8.32,47,9.75,FALSE,379,14,0.128,FALSE,FALSE,0.511,0,10,TRUE,39.3,13.5,2,0.0145,0.13,0.387,0.0129,0.0088,6.92,2019
39061023201,88,-0.0489,-0.0236,-0.058100000000000006,-0.0147,0.16,0.8610000000000001,35200,0.14700000000000002,0.14200000000000002,0.0679,0.40700000000000003,0.76,0.701,32.7,0.45,3690,0.48900000000000005,0.6819999999999999,2.22,9.97,47,9.78,TRUE,1520,52,0.128,FALSE,FALSE,-0.012,0,4,FALSE,42.3,27.1,83,0.774,0.42800000000000005,0.353,0.448,0.582,15.7,2019
39061023210,59,-0.0096,0.00854,0.13,0.015,0.0921,0.898,60600,0.0488,0.08770000000000001,0.07200000000000001,0.29600000000000004,0.46,0.614,31.5,0.43000000000000005,502,0.030699999999999998,0.7939999999999999,2.06,7.109999999999999,47,9.75,TRUE,2760,52,0.128,FALSE,FALSE,0.21500000000000002,2.4,11.8,FALSE,40,15.6,53,0.361,0.29600000000000004,0.394,0.6599999999999999,0.42200000000000004,6.39,2019
39061023222,69,-0.0145,0.0178,-0.119,-0.013600000000000001,0.101,0.916,55800,0.0499,0.0505,0.0633,0.28600000000000003,0.5,0.633,32,0.43000000000000005,740,0.07220000000000001,0.594,1.96,8.78,47,9.76,TRUE,1990,68,0.128,FALSE,FALSE,0.09,5.5,5.56,FALSE,24.9,44,61,0.382,0.44,0.351,0.7839999999999999,0.504,9.39,2019
39061023300,23,-0.0226,0.0404,0.29000000000000004,0.0356,0.0394,0.974,132000,0.0252,0.0272,0.041800000000000004,0.15400000000000003,0.61,0.641,31.9,0.44,121,0.022099999999999998,0.24100000000000002,1.6300000000000001,6.88,47,9.77,TRUE,1440,37,0.128,FALSE,FALSE,0.515,0.6,3.8499999999999996,FALSE,27.3,12.9,2,0.0089,0.364,0.29500000000000004,0.0327,0.0267,8.11,2019
39061023400,76,-0.0605,-0.028999999999999998,-0.115,-0.0232,0.20700000000000002,0.8660000000000001,44700,0.054400000000000004,0.20900000000000002,0.14300000000000002,0.402,0.75,0.766,32.4,0.45,36.2,0.026300000000000004,0.185,3.3899999999999997,10.7,46.9,9.8,FALSE,23,1,0.128,FALSE,FALSE,-0.084,1,0,FALSE,43.3,32.7,64,0.586,0.42600000000000005,0.811,0.466,0.615,12.2,2019
39061023501,18,0.10500000000000001,0.0339,0.267,0.0464,0.039,0.98,94400,0.009419999999999998,0.051100000000000007,0.0381,0.19,0.06,0.636,31.4,0.42000000000000004,56,0.112,0.29800000000000004,1.6900000000000002,7.2700000000000005,47,9.69,TRUE,1350,33,0.128,FALSE,FALSE,0.41800000000000004,3.3,7.41,FALSE,40.3,11.1,16,0.049,0.23800000000000002,0.543,0.17300000000000001,0.12300000000000001,10.9,2019
39061023521,49,0.0949,0.0121,0.13,0.026900000000000004,0.0455,0.9400000000000001,63600,0.0278,0.0838,0.0512,0.255,0.24000000000000002,0.6789999999999999,32.7,0.44,1770,0.364,0.15700000000000003,1.6700000000000002,7.6899999999999995,47,9.629999999999999,TRUE,2390,95,0.128,FALSE,FALSE,0.229,3.5,4,FALSE,45.9,16.4,24,0.37,0.125,0.557,0.33999999999999997,0.29600000000000004,14.8,2019
39061023522,43,0.07740000000000001,0.0195,0.15000000000000002,0.0281,0.0339,0.9580000000000001,71300,0.030699999999999998,0.044,0.07170000000000001,0.23,0.49,0.6859999999999999,31.5,0.44,1000,0.004520000000000001,0.20900000000000002,1.3,7.31,47,9.67,TRUE,1900,32,0.128,FALSE,FALSE,0.29000000000000004,2.7,8.7,FALSE,41.4,15,32,0.0951,0.656,0.41100000000000003,0.404,0.28800000000000003,15.2,2019
39061023600,63,-0.0285,0.036,0.138,0.0168,0.0606,0.918,55700,0.0241,0.0965,0.04,0.275,0.8,0.637,31.8,0.43000000000000005,322,6.4e-4,0.257,0.634,4.1,47,9.709999999999999,FALSE,11,0,0.128,FALSE,FALSE,0.21100000000000002,1.1,15.4,FALSE,35,20.5,56,0.386,0.456,0.07300000000000001,0.20700000000000002,0.20900000000000002,8.92,2019
39061023701,65,-0.0293,0.0248,0.118,0.013200000000000002,0.0377,0.91,51700,0.0688,0.07690000000000001,0.0356,0.28600000000000003,0.8600000000000001,0.656,31.9,0.44,189,1.8e-4,0.21400000000000002,0.504,3.7600000000000002,47,9.69,FALSE,NA,NA,0.128,FALSE,FALSE,0.194,1.6,20,FALSE,37.1,21.4,48,0.43400000000000005,0.5660000000000001,0.258,0.648,0.47800000000000004,14.5,2019
39061023702,61,-0.013200000000000002,0.0155,0.21200000000000002,0.024900000000000002,0.057300000000000004,0.916,78700,0.0562,0.032100000000000004,0.0602,0.24700000000000003,0.8200000000000001,0.6719999999999999,32.1,0.44,83.5,1.2e-4,0.195,0.5750000000000001,4.609999999999999,47,9.7,FALSE,NA,NA,0.128,FALSE,FALSE,0.256,0,19,FALSE,49,12.7,39,0.186,0.28,0.258,0.14400000000000002,0.118,13.1,2019
39061023800,75,-0.041600000000000005,-0.0122,0.127,0.008919999999999999,0.07850000000000001,0.891,39900,0.05,0.14600000000000002,0.12100000000000001,0.33899999999999997,0.6799999999999999,0.688,32.5,0.45,682,1.1000000000000002e-4,0.17600000000000002,0.746,5.98,47,9.7,TRUE,1170,23,0.128,FALSE,FALSE,-0.12200000000000001,0,18.2,FALSE,37.4,35.6,58,0.516,0.6619999999999999,0.547,0.526,0.5760000000000001,13.5,2019
39061023901,30,0.12300000000000001,0.018000000000000002,0.20900000000000002,0.0399,0.036399999999999995,0.982,83600,0.037899999999999996,0.0612,0.065,0.21800000000000003,0.09,0.631,31.4,0.43000000000000005,1680,0.117,0.12400000000000001,1.1400000000000001,5.56,47,9.59,TRUE,3200,70,0.128,FALSE,FALSE,0.348,0.6,8.33,FALSE,38.2,17.8,19,0.07700000000000001,0.504,0.455,0.20400000000000001,0.182,9.12,2019
39061023902,18,0.12300000000000001,0.0465,0.34199999999999997,0.0585,0.0025800000000000003,0.973,117000,0.00933,0.022,0.015799999999999998,0.14800000000000002,0.14,0.655,31.1,0.43000000000000005,1360,0.059800000000000006,0.14700000000000002,0.96,5.41,47,9.62,FALSE,215,5,0.128,FALSE,FALSE,0.558,0,15.8,FALSE,28.3,13.1,5,0.017300000000000003,0.24500000000000002,0.29300000000000004,0.496,0.15200000000000002,12.7,2019
39061024001,52,3.36e-4,0.00253,0.08700000000000001,0.0105,0.0529,0.96,60100,0.097,0.0955,0.0594,0.28600000000000003,0.44,0.6819999999999999,31.8,0.44,1740,1.7e-4,0.169,0.29500000000000004,3.3699999999999997,47,9.66,FALSE,498,9,0.128,FALSE,FALSE,0.201,2.5,12.5,FALSE,44.4,26,32,0.275,0.583,0.559,0.605,0.47100000000000003,14.2,2019
39061024002,20,0.05260000000000001,-0.0034800000000000005,0.202,0.029099999999999997,0.021400000000000002,0.969,91600,0.029699999999999997,0.029699999999999997,0.0668,0.197,0.38,0.6739999999999999,31.9,0.44,2170,9e-5,0.14600000000000002,0.387,2.98,47,9.639999999999999,TRUE,1300,45,0.128,FALSE,FALSE,0.406,0,12.5,FALSE,34.8,18.8,29,0.0803,0.557,0.355,0.5670000000000001,0.29800000000000004,11.8,2019
39061024100,24,0.0424,0.044199999999999996,0.24900000000000003,0.0384,0.0252,0.98,106000,0.0252,0.0182,0.06470000000000001,0.17500000000000002,0.6699999999999999,0.632,31.2,0.43000000000000005,61.5,NA,0.161,0.24600000000000002,2.61,47,9.62,FALSE,95,1,0.128,FALSE,FALSE,0.533,1.7,11.1,FALSE,40.9,12.4,14,0.0192,0.258,0.164,0.495,0.128,10,2019
39061024200,28,-0.00704,0.0171,0.29700000000000004,0.035699999999999996,0.045399999999999996,0.9400000000000001,78500,0.0358,0.0404,0.0824,0.234,0.52,0.695,31.7,0.44,270,1.1000000000000002e-4,0.13,0.467,3.4299999999999997,47,9.66,TRUE,1720,73,0.128,FALSE,FALSE,0.344,0,11.1,FALSE,38.9,16.5,27,0.136,0.659,0.444,0.54,0.367,5.08,2019
39061024301,24,0.10800000000000001,0.022199999999999998,0.119,0.0282,0.0384,0.965,92600,0.135,0.0313,0.036399999999999995,0.24100000000000002,0.06,0.614,31.3,0.42000000000000004,1700,NA,0.12000000000000001,0.307,2.54,47,9.56,FALSE,20,1,0.128,FALSE,FALSE,0.276,0,13.3,FALSE,42.5,8.57,33,0.037,0.591,0.691,0.0942,0.17,11.1,2019
39061024303,43,0.02,0.018000000000000002,0.0989,0.0156,0.08,0.9490000000000001,65500,0.0896,0.12000000000000001,0.0313,0.29300000000000004,0.29000000000000004,0.47100000000000003,29.2,0.39,42.8,0.15200000000000002,0.112,0.48500000000000004,0.6819999999999999,47.1,9.46,TRUE,1890,27,0.128,FALSE,FALSE,0.232,0,5.26,FALSE,24.4,11.6,48,0.29800000000000004,0.466,0.387,0.196,0.255,7.7,2019
39061024321,41,0.056600000000000004,0.050800000000000005,0.223,0.0377,0.0342,0.975,98900,0.0199,0.0422,0.0122,0.184,0.05,0.555,30.4,0.41000000000000003,155,0.0201,0.10800000000000001,0.41000000000000003,1.3900000000000001,47,9.51,TRUE,1950,26,0.128,FALSE,FALSE,0.42100000000000004,2,18.5,FALSE,46.6,11.6,10,0.027,0.46,0.454,0.455,0.231,8,2019
39061024322,15,0.0983,0.0507,0.28600000000000003,0.049600000000000005,0.0205,0.987,126000,0.0216,0.0268,0.0217,0.14600000000000002,0.07,0.514,29.6,0.39,583,0.0953,0.12000000000000001,0.8410000000000001,1.6800000000000002,47,9.53,TRUE,5470,71,0.128,FALSE,FALSE,0.503,0,3.7,FALSE,39.1,10.2,2,0.052500000000000005,0.136,0.39,0.0191,0.018500000000000003,7.75,2019
39061024400,4,0.0608,0.0211,0.192,0.0314,0.0286,0.98,170000,0.017400000000000002,0.08460000000000001,0.0923,0.13,0.37,0.5,30.6,0.41000000000000003,106,NA,0.224,0.28900000000000003,1.4,47,9.55,TRUE,4900,65,0.128,FALSE,FALSE,0.5700000000000001,0.9,14.7,FALSE,35.8,11.1,5,0.10800000000000001,0.512,0.307,0.198,0.163,6.6899999999999995,2019
39061024700,65,-0.00477,0.018300000000000004,0.0811,0.0109,0.0555,0.924,53400,0.0621,0.10400000000000001,0.0733,0.29500000000000004,0.7799999999999999,0.6739999999999999,32.1,0.45,306,0.017400000000000002,0.10800000000000001,0.47900000000000004,3.66,46.8,9.639999999999999,FALSE,46,3,0.128,FALSE,FALSE,0.21900000000000003,0.7,0,FALSE,37.4,15.9,31,0.42900000000000005,0.6789999999999999,0.21200000000000002,0.0434,0.199,13.4,2019
39061024800,23,0.0489,0.0206,0.24000000000000002,0.0356,0.0245,0.996,102000,0.0116,0.0482,0.0894,0.181,0.8,0.619,31.6,0.43000000000000005,450,0.127,0.125,0.24000000000000002,2.2800000000000002,46.8,9.59,TRUE,959,28,0.128,FALSE,FALSE,0.468,0,5.88,FALSE,26,9.38,18,0.0233,0.24900000000000003,0.15400000000000003,0.468,0.12100000000000001,16.4,2019
39061024901,71,0.0568,-0.00134,0.0623,0.0134,0.0763,0.908,54900,0.23600000000000002,0.127,0.117,0.386,0.81,0.511,29.5,0.4,201,0.0635,0.15000000000000002,0.161,1.45,46.8,9.49,TRUE,824,74,0.128,FALSE,FALSE,0.189,1.5,16.7,FALSE,34,15.1,71,0.364,0.33699999999999997,0.111,0.33499999999999996,0.23700000000000002,7,2019
39061024902,21,0.119,0.053200000000000004,0.25,0.048,0.0197,0.976,126000,0.0279,0.036699999999999997,0.0309,0.15600000000000003,0.11,0.517,29.7,0.4,68.9,NA,0.114,0.15300000000000002,1.1600000000000001,46.7,9.46,TRUE,7250,92,0.128,FALSE,FALSE,0.5640000000000001,0.5,22.2,FALSE,39.8,10.1,4,0.08070000000000001,0.352,0.08270000000000001,0.0944,0.0478,6.5,2019
39061025001,44,0.119,0.0464,0.169,0.0377,0.025,0.985,90600,0.00675,0.0599,0.0386,0.191,0.27,0.524,29.5,0.39,158,NA,0.085,0.17600000000000002,1.1300000000000001,46.5,9.4,TRUE,2740,43,0.128,FALSE,FALSE,0.43500000000000005,0,16.7,FALSE,29.1,17.7,24,0.10300000000000001,0.47100000000000003,0.14800000000000002,0.182,0.114,10.7,2019
39061025002,39,0.118,0.035199999999999995,0.21300000000000002,0.041600000000000005,0.024300000000000002,0.988,91900,0.0382,0.05450000000000001,0.0575,0.201,0.45,0.5680000000000001,29.6,0.4,144,0.21200000000000002,0.07,0.34199999999999997,0.48400000000000004,46.4,9.4,TRUE,6110,83,0.128,FALSE,FALSE,0.48000000000000004,0,12.5,FALSE,40,8.739999999999998,14,0.0863,0.443,0.22,0.0053,0.0195,8.81,2019
39061025101,24,0.14500000000000002,0.062,0.29100000000000004,0.0565,0.026600000000000002,0.968,131000,0.0143,0.00886,0.0177,0.14,0.08,0.502,29.1,0.39,31.6,NA,0.10600000000000001,0.136,1.1800000000000002,46.7,9.370000000000001,TRUE,4390,94,0.128,FALSE,FALSE,0.543,0.2,25,FALSE,25.2,15,1,0.013900000000000001,0.2,0.305,0.0089,0.0074,5.83,2019
39061025102,43,0.137,0.0381,0.201,0.042600000000000006,0.0589,0.9550000000000001,82800,0.0396,0.0651,0.0453,0.233,0.15000000000000002,0.514,29.1,0.39,121,NA,0.09,0.131,1.48,46.6,9.33,TRUE,540,7,0.128,FALSE,FALSE,0.367,0.6,8.82,FALSE,34.6,10.1,24,0.272,0.503,0.455,0.2,0.269,12.7,2019
39061025103,39,0.131,0.046,0.189,0.0415,0.0273,0.975,73800,0.023,0.045,0.0375,0.21300000000000002,0.13,0.491,29.1,0.39,668,NA,0.07700000000000001,0.15500000000000003,1.48,46.5,9.3,FALSE,347,5,0.128,FALSE,FALSE,0.376,0,8.11,FALSE,27.3,15.5,33,0.12000000000000001,0.732,0.15100000000000002,0.403,0.24800000000000003,11,2019
39061025104,9,0.14500000000000002,0.035899999999999994,0.27,0.051300000000000005,0,0.987,157000,0.041,0.0816,0.0606,0.137,0.16,0.544,28.9,0.39,343,0.0233,0.066,0.221,0.52,46.3,9.29,FALSE,NA,NA,0.128,FALSE,FALSE,0.657,1.3,0,FALSE,36.6,9.129999999999999,3,0.0603,0.21400000000000002,0.199,0.305,0.10300000000000001,4.75,2019
39061025200,80,-0.0603,-0.06929999999999999,-0.060399999999999995,-0.0211,0.14500000000000002,0.8780000000000001,38600,0.128,0.23,0.14800000000000002,0.42300000000000004,0.8,0.899,34.2,0.5,619,4.4000000000000007e-4,0.138,4.26,13.9,46.9,9.79,FALSE,NA,NA,0.128,FALSE,FALSE,0.034,4.4,4.55,FALSE,43.8,24.5,75,0.717,0.386,0.503,0.8140000000000001,0.706,12.6,2019
39061025300,75,-0.032100000000000004,-0.0453,0.018500000000000003,-0.00619,0.188,0.8350000000000001,46800,0.109,0.167,0.128,0.41100000000000003,0.88,0.926,33.3,0.48000000000000004,2690,0.00118,0.13,3.88,16.2,46.9,9.79,FALSE,NA,NA,0.128,FALSE,FALSE,0.137,3.8,11.1,FALSE,49.5,12.6,79,0.614,0.32999999999999996,0.15200000000000002,0.441,0.40800000000000003,11,2019
39061025401,60,-0.0141,-0.0178,-0.0791,-0.0127,0.08879999999999999,0.8750000000000001,43800,0.118,0.11,0.061399999999999996,0.352,0.8200000000000001,0.9420000000000001,33.1,0.48000000000000004,573,6.8e-4,0.114,3.36,13.2,46.9,9.77,FALSE,NA,NA,0.128,FALSE,FALSE,0.15300000000000002,0,4,FALSE,24,21,73,0.44,0.32,0.08620000000000001,0.495,0.314,14.8,2019
39061025402,62,-0.0118,-0.0233,0.0195,-0.00149,0.09079999999999999,0.904,61100,0.0796,0.126,0.0945,0.319,0.8,0.9490000000000001,33.5,0.49,3450,5.8e-4,0.10700000000000001,2.7,10.7,46.9,9.75,FALSE,NA,NA,0.128,FALSE,FALSE,0.187,5,8,FALSE,41.1,24.2,67,0.32999999999999996,0.0553,0.0869,0.28,0.10800000000000001,14.7,2019
39061025500,81,-0.0339,-0.0294,-0.129,-0.022,0.227,0.763,40600,0.12000000000000001,0.24200000000000002,0.132,0.47700000000000004,0.9,0.915,33.3,0.49,1330,3.6e-4,0.116,4.34,12.7,46.9,9.79,FALSE,NA,NA,0.128,FALSE,FALSE,0.095,1.6,4.17,FALSE,39.5,31,86,0.766,0.6839999999999999,0.17800000000000002,0.754,0.688,13.3,2019
39061025600,55,-0.016900000000000002,-0.0153,-0.0303,-0.00703,0.07610000000000001,0.931,43300,0.10500000000000001,0.352,0.137,0.40700000000000003,0.81,0.99,33.3,0.49,893,3.4e-4,0.10300000000000001,5.14,9.69,46.9,9.77,FALSE,15,0,0.128,FALSE,FALSE,0.116,1.5,5,FALSE,39.4,8.46,79,0.621,0.05210000000000001,0.277,0.732,0.43400000000000005,13,2019
39061025700,97,-0.10800000000000001,-0.050100000000000006,-0.17700000000000002,-0.0378,0.188,0.777,30400,0.186,0.377,0.20900000000000002,0.548,0.7899999999999999,0.8760000000000001,33.4,0.5,3330,0.268,0.14100000000000001,6.470000000000001,13.8,46.9,9.82,FALSE,NA,NA,0.128,FALSE,FALSE,-0.111,3.8,0,FALSE,29.9,45.4,91,0.8200000000000001,0.887,0.592,0.41300000000000003,0.762,14.8,2019
39061025800,70,-0.0659,-0.017,-0.0245,-0.012,0.15700000000000003,0.904,52400,0.0873,0.10400000000000001,0.135,0.349,0.6699999999999999,0.886,33,0.49,1900,0.0818,0.10700000000000001,5.96,13.3,46.9,9.82,FALSE,NA,NA,0.128,FALSE,FALSE,0.161,1.5,25,FALSE,45.5,17.3,72,0.518,0.616,0.168,0.559,0.47200000000000003,13.9,2019
39061026001,32,0.0599,0.053500000000000006,0.302,0.0476,0.0172,0.9390000000000001,103000,0.013900000000000001,0.0155,0.0108,0.17600000000000002,0.11,0.369,27,0.36,163,4.2e-4,0.112,0.581,0.55,45.6,9.1,FALSE,NA,NA,0.128,FALSE,FALSE,0.504,0.4,12.5,FALSE,35.6,11.6,5,0.0833,0.132,0.0439,0.117,0.0262,7.33,2019
39061026002,42,0.0519,0.0385,0.134,0.025400000000000002,0.0855,0.927,68400,0.0242,0.097,0.0358,0.266,0.23,0.34299999999999997,27.1,0.36,NA,NA,0.20900000000000002,0.14800000000000002,0.33399999999999996,46,9.28,FALSE,NA,NA,0.128,FALSE,FALSE,0.29900000000000004,8,0,FALSE,29.3,11.5,33,0.28900000000000003,0.441,0.09949999999999999,0.6689999999999999,0.33699999999999997,5.38,2019
39061026101,72,0.0457,0.0162,0.14100000000000001,0.0233,0.0891,0.902,49600,0.031,0.113,0.0638,0.305,0.43000000000000005,0.371,26.7,0.35,319,0.0035,0.08700000000000001,1.97,0.8200000000000001,45.5,9.08,TRUE,1620,21,0.128,FALSE,FALSE,0.14400000000000002,0.9,11.1,FALSE,38.1,19.2,34,0.52,0.71,0.234,0.448,0.47900000000000004,9.129999999999999,2019
39061026102,89,0.0474,0.0175,0.0631,0.0145,0.0936,0.883,51600,0.048600000000000004,0.137,0.0891,0.327,0.12000000000000001,0.383,27.4,0.36,116,0.00613,0.082,0.365,0.258,45.6,9.139999999999999,FALSE,NA,NA,0.128,FALSE,FALSE,0.14700000000000002,0,0,FALSE,39.6,22.4,24,0.517,0.913,0.113,0.658,0.581,4.78,2019
39061026200,98,0.0218,0.00424,-0.33399999999999996,-0.0361,0.33799999999999997,0.737,35300,0.14,0.21500000000000002,0.09129999999999999,0.517,0.41000000000000003,0.455,28.2,0.38,162,0.0434,0.07700000000000001,0.17,0.15600000000000003,45.6,9.219999999999999,FALSE,NA,NA,0.128,FALSE,FALSE,0.066,8.1,25,FALSE,46.2,20.2,89,0.767,0.9390000000000001,0.0376,0.6,0.6729999999999999,5.75,2019
39061026300,80,-0.09860000000000001,-0.127,-0.614,-0.096,0.555,0.541,14900,0.0675,0.734,0.33599999999999997,0.8150000000000001,0.47000000000000003,1.36,36,0.54,5530,0.20500000000000002,0.059000000000000004,3.3299999999999996,3.13,46.4,9.709999999999999,FALSE,96,8,0.128,FALSE,FALSE,-0.29200000000000004,4.6,7.6499999999999995,TRUE,29.9,47.6,100,1,0.927,0.326,0.89,0.9480000000000001,14.5,2019
39061026400,52,-0.020300000000000002,-0.07350000000000001,-0.33899999999999997,-0.0495,0.37,0.8370000000000001,27800,0.0271,0.41900000000000004,0.0579,0.514,0.26,1.33,35.1,0.53,2740,0.0463,0.062,4.3,5.34,46.5,9.709999999999999,FALSE,NA,NA,0.128,FALSE,FALSE,-0.3,1.7,8.79,TRUE,54.8,22.4,96,0.887,0.8460000000000001,0.699,0.499,0.8300000000000001,15.1,2019
39061026500,32,0.011699999999999999,-0.0644,-0.139,-0.0218,0.171,0.9590000000000001,71900,0.0643,0.23800000000000002,0.084,0.33999999999999997,0.23,1.48,35.6,0.56,10600,0.0115,0.061,2.3699999999999997,6.119999999999999,46.4,9.66,FALSE,150,7,0.128,FALSE,FALSE,0.004,0.6,4.619999999999999,TRUE,40.5,21.7,81,0.43300000000000005,0.0606,0.29700000000000004,0.708,0.345,17.4,2019
39061026600,43,-0.009489999999999998,-0.0216,0.07320000000000002,0.0052,0.0979,0.9,77200,0.0432,0.21700000000000003,0.181,0.32999999999999996,0.59,1.1400000000000001,33.4,0.51,2740,0.0612,0.07400000000000001,1.82,2.84,46.7,9.67,TRUE,1330,88,0.128,FALSE,FALSE,0.351,0,1.55,FALSE,44.3,19.4,70,0.322,0.253,0.323,0.452,0.29800000000000004,17.2,2019
39061026700,88,-0.091,-0.0611,-0.523,-0.07750000000000001,0.587,0.77,16700,0.09949999999999999,0.48100000000000004,0.281,0.6829999999999999,0.8400000000000001,1.26,34.8,0.53,4240,0.0161,0.07600000000000001,1.76,8.15,46.7,9.719999999999999,FALSE,86,5,0.128,FALSE,FALSE,-0.543,2.8,3.06,TRUE,42.6,40.1,98,0.984,0.911,0.705,0.48300000000000004,0.896,16.2,2019
39061026800,14,0.00708,0.025900000000000003,0.28300000000000003,0.0365,0,0.988,85400,0.015,0.0451,0.091,0.193,0.64,1.48,34.8,0.54,6020,0.036199999999999996,0.066,1.6600000000000001,4.87,46.6,9.67,FALSE,NA,NA,0.128,FALSE,FALSE,0.446,0,0,FALSE,38.8,10.3,20,0.0129,0.0247,0.163,0.0938,0.0034000000000000002,16.3,2019
39061026900,96,-0.0483,-0.134,-0.55,-0.08370000000000001,0.45,0.766,14400,0.0991,0.5760000000000001,0.364,0.6859999999999999,0.8200000000000001,1.28,36.6,0.53,6290,0.14900000000000002,0.065,6.17,5.119999999999999,46.6,9.729999999999999,FALSE,NA,NA,0.128,FALSE,FALSE,-0.528,4,7.75,TRUE,53.2,34.2,99,0.978,0.8450000000000001,0.5770000000000001,0.8320000000000001,0.932,16.3,2019
39061027000,94,-0.0622,-0.10400000000000001,-0.617,-0.08979999999999999,0.41200000000000003,0.81,11100,0.12300000000000001,0.644,0.278,0.6839999999999999,0.73,1.1800000000000002,35.4,0.54,2000,0.0161,0.085,2.9099999999999997,12.1,46.8,9.76,FALSE,0,0,0.128,FALSE,TRUE,-0.5670000000000001,1.6,0,FALSE,39.4,42.9,99,0.977,0.88,0.457,0.8450000000000001,0.926,13.5,2019
39061027100,90,-0.116,-0.020900000000000002,-0.361,-0.057100000000000005,0.41900000000000004,0.766,15000,0.0809,0.33999999999999997,0.111,0.5680000000000001,0.6,0.8370000000000001,33,0.48000000000000004,835,0.0691,0.19,3.94,11.1,46.9,9.82,FALSE,NA,NA,0.128,FALSE,FALSE,-0.47500000000000003,0.2,8.18,FALSE,31.1,38.4,92,0.926,0.896,0.727,0.8530000000000001,0.9480000000000001,13.5,2019
39061027200,96,-0.111,-0.138,-0.593,-0.096,0.451,0.7849999999999999,18500,0.17200000000000001,0.533,0.28600000000000003,0.6829999999999999,0.88,0.987,32.5,0.48000000000000004,827,0.14400000000000002,0.062,1.97,3.04,46.5,9.75,TRUE,1510,64,0.128,FALSE,FALSE,-0.327,4,0,TRUE,40,32.4,99,0.983,0.9,0.377,0.9450000000000001,0.9510000000000001,13.9,2019
39061027300,20,0.0878,0.021,0.29300000000000004,0.0461,0.0237,0.97,144000,0.019799999999999998,0.0534,0.0363,0.14300000000000002,0.5700000000000001,0.48000000000000004,29.3,0.39,133,0.182,0.468,0.24300000000000002,0.713,47,9.450000000000001,TRUE,2670,100,0.128,FALSE,FALSE,0.6749999999999999,0,9.81,FALSE,29,9.11,5,0.044,0.14200000000000002,0.0563,0.0055,9.000000000000001e-4,10.6,2019
39061027400,88,-0.113,-0.057100000000000005,-0.228,-0.0451,0.28300000000000003,0.778,31800,0.09720000000000001,0.33099999999999996,0.14600000000000002,0.517,0.73,0.764,32.6,0.46,4220,0.23,0.505,2.5,8.18,46.9,9.79,FALSE,184,4,0.128,FALSE,FALSE,-0.2,2.1,0,TRUE,33.2,41.1,90,0.895,0.8390000000000001,0.771,0.8730000000000001,0.9390000000000001,12.6,2019
